arxiv_id,arxiv_base_id,title,authors,year,published,updated,abstract,categories,abs_url,pdf_url,source_query,pdf_path,text_path,download_status,extract_status,text_chars,is_anchor
2411.07569v1,2411.07569,Towards Automated Model Design on Recommender Systems,Tunhou Zhang; Dehua Cheng; Yuchen He; Zhengxing Chen; Xiaoliang Dai; Liang Xiong; Yudong Liu; Feng Cheng; Yufan Cao; Feng Yan; Hai Li; Yiran Chen; Wei Wen,2024,2024-11-12T06:03:47Z,2024-11-12T06:03:47Z,"The increasing popularity of deep learning models has created new opportunities for developing AI-based recommender systems. Designing recommender systems using deep neural networks requires careful architecture design, and further optimization demands extensive co-design efforts on jointly optimizing model architecture and hardware. Design automation, such as Automated Machine Learning (AutoML), is necessary to fully exploit the potential of recommender model design, including model choices and model-hardware co-design strategies. We introduce a novel paradigm that utilizes weight sharing to explore abundant solution spaces. Our paradigm creates a large supernet to search for optimal architectures and co-design strategies to address the challenges of data multi-modality and heterogeneity in the recommendation domain. From a model perspective, the supernet includes a variety of operators, dense connectivity, and dimension search options. From a co-design perspective, it encompasses versatile Processing-In-Memory (PIM) configurations to produce hardware-efficient models. Our solution space's scale, heterogeneity, and complexity pose several challenges, which we address by proposing various techniques for training and evaluating the supernet. Our crafted models show promising results on three Click-Through Rates (CTR) prediction benchmarks, outperforming both manually designed and AutoML-crafted models with state-of-the-art performance when focusing solely on architecture search. From a co-design perspective, we achieve 2x FLOPs efficiency, 1.8x energy efficiency, and 1.5x performance improvements in recommender models.",cs.IR,http://arxiv.org/abs/2411.07569v1,https://arxiv.org/pdf/2411.07569v1,"cat:cs.IR AND all:""recommender systems""",data/raw/pdfs/2411.07569.pdf,data/processed/texts/2411.07569.txt,already_exists,extracted,67957,False
2111.13463v2,2111.13463,Generating Usage-related Questions for Preference Elicitation in Conversational Recommender Systems,Ivica Kostric; Krisztian Balog; Filip Radlinski,2021,2021-11-26T12:23:14Z,2025-04-08T13:25:51Z,"A key distinguishing feature of conversational recommender systems over traditional recommender systems is their ability to elicit user preferences using natural language. Currently, the predominant approach to preference elicitation is to ask questions directly about items or item attributes. Users searching for recommendations may not have deep knowledge of the available options in a given domain. As such, they might not be aware of key attributes or desirable values for them. However, in many settings, talking about the planned use of items does not present any difficulties, even for those that are new to a domain. In this paper, we propose a novel approach to preference elicitation by asking implicit questions based on item usage. As one of the main contributions of this work, we develop a multi-stage data annotation protocol using crowdsourcing, to create a high-quality labeled training dataset. Another main contribution is the development of four models for the question generation task: two template-based baseline models and two neural text-to-text models. The template-based models use heuristically extracted common patterns found in the training data, while the neural models use the training data to learn to generate questions automatically. Using common metrics from machine translation for automatic evaluation, we show that our approaches are effective in generating elicitation questions, even with limited training data. We further employ human evaluation for comparing the generated questions using both pointwise and pairwise evaluation designs. We find that the human evaluation results are consistent with the automatic ones, allowing us to draw conclusions about the quality of the generated questions with certainty. Finally, we provide a detailed analysis of cases where the models show their limitations.",cs.IR; cs.AI; cs.CL,http://arxiv.org/abs/2111.13463v2,https://arxiv.org/pdf/2111.13463v2,"cat:cs.IR AND all:""recommender systems""",data/raw/pdfs/2111.13463.pdf,data/processed/texts/2111.13463.txt,already_exists,extracted,73297,False
2009.12192v1,2009.12192,Tuning Word2vec for Large Scale Recommendation Systems,Benjamin P. Chamberlain; Emanuele Rossi; Dan Shiebler; Suvash Sedhain; Michael M. Bronstein,2020,2020-09-24T10:50:19Z,2020-09-24T10:50:19Z,"Word2vec is a powerful machine learning tool that emerged from Natural Lan-guage Processing (NLP) and is now applied in multiple domains, including recom-mender systems, forecasting, and network analysis. As Word2vec is often used offthe shelf, we address the question of whether the default hyperparameters are suit-able for recommender systems. The answer is emphatically no. In this paper, wefirst elucidate the importance of hyperparameter optimization and show that un-constrained optimization yields an average 221% improvement in hit rate over thedefault parameters. However, unconstrained optimization leads to hyperparametersettings that are very expensive and not feasible for large scale recommendationtasks. To this end, we demonstrate 138% average improvement in hit rate with aruntime budget-constrained hyperparameter optimization. Furthermore, to makehyperparameter optimization applicable for large scale recommendation problemswhere the target dataset is too large to search over, we investigate generalizinghyperparameters settings from samples. We show that applying constrained hy-perparameter optimization using only a 10% sample of the data still yields a 91%average improvement in hit rate over the default parameters when applied to thefull datasets. Finally, we apply hyperparameters learned using our method of con-strained optimization on a sample to the Who To Follow recommendation serviceat Twitter and are able to increase follow rates by 15%.",cs.IR; cs.CL; cs.LG,http://arxiv.org/abs/2009.12192v1,https://arxiv.org/pdf/2009.12192v1,"cat:cs.IR AND all:""recommender systems""",data/raw/pdfs/2009.12192.pdf,data/processed/texts/2009.12192.txt,already_exists,extracted,27349,False
2409.15060v1,2409.15060,EMERS: Energy Meter for Recommender Systems,Lukas Wegmeth; Tobias Vente; Alan Said; Joeran Beel,2024,2024-09-23T14:35:06Z,2024-09-23T14:35:06Z,"Due to recent advancements in machine learning, recommender systems use increasingly more energy for training, evaluation, and deployment. However, the recommender systems community often does not report the energy consumption of their experiments. In today's research landscape, no tools exist to easily measure the energy consumption of recommender systems experiments. To bridge this gap, we introduce EMERS, the first software library that simplifies measuring, monitoring, recording, and sharing the energy consumption of recommender systems experiments. EMERS measures energy consumption with smart power plugs and offers a user interface to monitor and compare the energy consumption of recommender systems experiments. Thereby, EMERS improves sustainability awareness and simplifies self-reporting energy consumption for recommender systems practitioners and researchers.",cs.IR,http://arxiv.org/abs/2409.15060v1,https://arxiv.org/pdf/2409.15060v1,"cat:cs.IR AND all:""recommender systems""",data/raw/pdfs/2409.15060.pdf,data/processed/texts/2409.15060.txt,already_exists,extracted,14950,False
2109.12843v3,2109.12843,"A Survey of Graph Neural Networks for Recommender Systems: Challenges, Methods, and Directions",Chen Gao; Yu Zheng; Nian Li; Yinfeng Li; Yingrong Qin; Jinghua Piao; Yuhan Quan; Jianxin Chang; Depeng Jin; Xiangnan He; Yong Li,2021,2021-09-27T07:22:10Z,2023-01-12T06:57:03Z,"Recommender system is one of the most important information services on today's Internet. Recently, graph neural networks have become the new state-of-the-art approach to recommender systems. In this survey, we conduct a comprehensive review of the literature on graph neural network-based recommender systems. We first introduce the background and the history of the development of both recommender systems and graph neural networks. For recommender systems, in general, there are four aspects for categorizing existing works: stage, scenario, objective, and application. For graph neural networks, the existing methods consist of two categories, spectral models and spatial ones. We then discuss the motivation of applying graph neural networks into recommender systems, mainly consisting of the high-order connectivity, the structural property of data, and the enhanced supervision signal. We then systematically analyze the challenges in graph construction, embedding propagation/aggregation, model optimization, and computation efficiency. Afterward and primarily, we provide a comprehensive overview of a multitude of existing works of graph neural network-based recommender systems, following the taxonomy above. Finally, we raise discussions on the open problems and promising future directions in this area. We summarize the representative papers along with their code repositories in \url{https://github.com/tsinghua-fib-lab/GNN-Recommender-Systems}.",cs.IR,http://arxiv.org/abs/2109.12843v3,https://arxiv.org/pdf/2109.12843v3,"cat:cs.IR AND all:""recommender systems""",data/raw/pdfs/2109.12843.pdf,data/processed/texts/2109.12843.txt,already_exists,extracted,132076,False
2208.01696v1,2208.01696,Measuring Commonality in Recommendation of Cultural Content: Recommender Systems to Enhance Cultural Citizenship,Andres Ferraro; Gustavo Ferreira; Fernando Diaz; Georgina Born,2022,2022-08-02T19:14:49Z,2022-08-02T19:14:49Z,"Recommender systems have become the dominant means of curating cultural content, significantly influencing the nature of individual cultural experience. While the majority of research on recommender systems optimizes for personalized user experience, this paradigm does not capture the ways that recommender systems impact cultural experience in the aggregate, across populations of users. Although existing novelty, diversity, and fairness studies probe how systems relate to the broader social role of cultural content, they do not adequately center culture as a core concept and challenge. In this work, we introduce commonality as a new measure that reflects the degree to which recommendations familiarize a given user population with specified categories of cultural content. Our proposed commonality metric responds to a set of arguments developed through an interdisciplinary dialogue between researchers in computer science and the social sciences and humanities. With reference to principles underpinning non-profit, public service media systems in democratic societies, we identify universality of address and content diversity in the service of strengthening cultural citizenship as particularly relevant goals for recommender systems delivering cultural content. Taking diversity in movie recommendation as a case study in enhancing pluralistic cultural experience, we empirically compare systems' performance using commonality and existing utility, diversity, and fairness metrics. Our results demonstrate that commonality captures a property of system behavior complementary to existing metrics and suggest the need for alternative, non-personalized interventions in recommender systems oriented to strengthening cultural citizenship across populations of users. In this way, commonality contributes to a growing body of scholarship developing 'public good' rationales for digital media and ML systems.",cs.CY; cs.IR,http://arxiv.org/abs/2208.01696v1,https://arxiv.org/pdf/2208.01696v1,"cat:cs.IR AND all:""recommender systems""",data/raw/pdfs/2208.01696.pdf,data/processed/texts/2208.01696.txt,already_exists,extracted,28731,False
2309.05892v1,2309.05892,Distributionally-Informed Recommender System Evaluation,Michael D. Ekstrand; Ben Carterette; Fernando Diaz,2023,2023-09-12T00:34:02Z,2023-09-12T00:34:02Z,"Current practice for evaluating recommender systems typically focuses on point estimates of user-oriented effectiveness metrics or business metrics, sometimes combined with additional metrics for considerations such as diversity and novelty. In this paper, we argue for the need for researchers and practitioners to attend more closely to various distributions that arise from a recommender system (or other information access system) and the sources of uncertainty that lead to these distributions. One immediate implication of our argument is that both researchers and practitioners must report and examine more thoroughly the distribution of utility between and within different stakeholder groups. However, distributions of various forms arise in many more aspects of the recommender systems experimental process, and distributional thinking has substantial ramifications for how we design, evaluate, and present recommender systems evaluation and research results. Leveraging and emphasizing distributions in the evaluation of recommender systems is a necessary step to ensure that the systems provide appropriate and equitably-distributed benefit to the people they affect.",cs.IR; cs.HC,http://arxiv.org/abs/2309.05892v1,https://arxiv.org/pdf/2309.05892v1,"cat:cs.IR AND all:""recommender systems""",data/raw/pdfs/2309.05892.pdf,data/processed/texts/2309.05892.txt,already_exists,extracted,76157,False
2307.14951v1,2307.14951,Widespread Flaws in Offline Evaluation of Recommender Systems,Balázs Hidasi; Ádám Tibor Czapp,2023,2023-07-27T15:46:41Z,2023-07-27T15:46:41Z,"Even though offline evaluation is just an imperfect proxy of online performance -- due to the interactive nature of recommenders -- it will probably remain the primary way of evaluation in recommender systems research for the foreseeable future, since the proprietary nature of production recommenders prevents independent validation of A/B test setups and verification of online results. Therefore, it is imperative that offline evaluation setups are as realistic and as flawless as they can be. Unfortunately, evaluation flaws are quite common in recommender systems research nowadays, due to later works copying flawed evaluation setups from their predecessors without questioning their validity. In the hope of improving the quality of offline evaluation of recommender systems, we discuss four of these widespread flaws and why researchers should avoid them.",cs.IR,http://arxiv.org/abs/2307.14951v1,https://arxiv.org/pdf/2307.14951v1,"cat:cs.IR AND all:""recommender systems""",data/raw/pdfs/2307.14951.pdf,data/processed/texts/2307.14951.txt,already_exists,extracted,32910,False
2211.16366v1,2211.16366,Reusable Self-Attention-based Recommender System for Fashion,Marjan Celikik; Jacek Wasilewski; Sahar Mbarek; Pablo Celayes; Pierre Gagliardi; Duy Pham; Nour Karessli; Ana Peleteiro Ramallo,2022,2022-11-29T16:47:20Z,2022-11-29T16:47:20Z,"A large number of empirical studies on applying self-attention models in the domain of recommender systems are based on offline evaluation and metrics computed on standardized datasets, without insights on how these models perform in real life scenarios. Moreover, many of them do not consider information such as item and customer metadata, although deep-learning recommenders live up to their full potential only when numerous features of heterogeneous types are included. Also, typically recommendation models are designed to serve well only a single use case, which increases modeling complexity and maintenance costs, and may lead to inconsistent customer experience. In this work, we present a reusable Attention-based Fashion Recommendation Algorithm (AFRA), that utilizes various interaction types with different fashion entities such as items (e.g., shirt), outfits and influencers, and their heterogeneous features. Moreover, we leverage temporal and contextual information to address both short and long-term customer preferences. We show its effectiveness on outfit recommendation use cases, in particular: 1) personalized ranked feed; 2) outfit recommendations by style; 3) similar item recommendation and 4) in-session recommendations inspired by most recent customer actions. We present both offline and online experimental results demonstrating substantial improvements in customer retention and engagement.",cs.IR; cs.LG,http://arxiv.org/abs/2211.16366v1,https://arxiv.org/pdf/2211.16366v1,"cat:cs.IR AND all:""recommender systems""",data/raw/pdfs/2211.16366.pdf,data/processed/texts/2211.16366.txt,already_exists,extracted,38271,False
2210.10309v1,2210.10309,Multi-Objective Recommender Systems: Survey and Challenges,Dietmar Jannach,2022,2022-10-19T05:51:54Z,2022-10-19T05:51:54Z,"Recommender systems can be characterized as software solutions that provide users convenient access to relevant content. Traditionally, recommender systems research predominantly focuses on developing machine learning algorithms that aim to predict which content is relevant for individual users. In real-world applications, however, optimizing the accuracy of such relevance predictions as a single objective in many cases is not sufficient. Instead, multiple and often competing objectives have to be considered, leading to a need for more research in multi-objective recommender systems. We can differentiate between several types of such competing goals, including (i) competing recommendation quality objectives at the individual and aggregate level, (ii) competing objectives of different involved stakeholders, (iii) long-term vs. short-term objectives, (iv) objectives at the user interface level, and (v) system level objectives. In this paper we review these types of multi-objective recommendation settings and outline open challenges in this area.",cs.IR; cs.LG,http://arxiv.org/abs/2210.10309v1,https://arxiv.org/pdf/2210.10309v1,"cat:cs.IR AND all:""recommender systems""",data/raw/pdfs/2210.10309.pdf,data/processed/texts/2210.10309.txt,already_exists,extracted,31626,False
2207.12515v2,2207.12515,A Survey on Trustworthy Recommender Systems,Yingqiang Ge; Shuchang Liu; Zuohui Fu; Juntao Tan; Zelong Li; Shuyuan Xu; Yunqi Li; Yikun Xian; Yongfeng Zhang,2022,2022-07-25T20:23:25Z,2024-02-22T02:14:55Z,"Recommender systems (RS), serving at the forefront of Human-centered AI, are widely deployed in almost every corner of the web and facilitate the human decision-making process. However, despite their enormous capabilities and potential, RS may also lead to undesired effects on users, items, producers, platforms, or even the society at large, such as compromised user trust due to non-transparency, unfair treatment of different consumers, or producers, privacy concerns due to extensive use of user's private data for personalization, just to name a few. All of these create an urgent need for Trustworthy Recommender Systems (TRS) so as to mitigate or avoid such adverse impacts and risks. In this survey, we will introduce techniques related to trustworthy recommendation, including but not limited to explainable recommendation, fairness in recommendation, privacy-aware recommendation, robustness in recommendation, user-controllable recommendation, as well as the relationship between these different perspectives in terms of trustworthy recommendation. Through this survey, we hope to deliver readers with a comprehensive view of the research area and raise attention to the community about the importance, existing research achievements, and future research directions on trustworthy recommendation.",cs.IR,http://arxiv.org/abs/2207.12515v2,https://arxiv.org/pdf/2207.12515v2,"cat:cs.IR AND all:""recommender systems""",data/raw/pdfs/2207.12515.pdf,data/processed/texts/2207.12515.txt,already_exists,extracted,5570,False
2308.07857v2,2308.07857,Impression-Aware Recommender Systems,Fernando B. Pérez Maurera; Maurizio Ferrari Dacrema; Pablo Castells; Paolo Cremonesi,2023,2023-08-15T16:16:02Z,2024-12-17T00:14:25Z,"Novel data sources bring new opportunities to improve the quality of recommender systems and serve as a catalyst for the creation of new paradigms on personalized recommendations. Impressions are a novel data source containing the items shown to users on their screens. Past research focused on providing personalized recommendations using interactions, and occasionally using impressions when such a data source was available. Interest in impressions has increased due to their potential to provide more accurate recommendations. Despite this increased interest, research in recommender systems using impressions is still dispersed. Many works have distinct interpretations of impressions and use impressions in recommender systems in numerous different manners. To unify those interpretations into a single framework, we present a systematic literature review on recommender systems using impressions, focusing on three fundamental perspectives: recommendation models, datasets, and evaluation methodologies. We define a theoretical framework to delimit recommender systems using impressions and a novel paradigm for personalized recommendations, called impression-aware recommender systems. We propose a classification system for recommenders in this paradigm, which we use to categorize the recommendation models, datasets, and evaluation methodologies used in past research. Lastly, we identify open questions and future directions, highlighting missing aspects in the reviewed literature.",cs.IR; cs.AI; cs.LG,http://arxiv.org/abs/2308.07857v2,https://arxiv.org/pdf/2308.07857v2,"cat:cs.IR AND all:""recommender systems""",data/raw/pdfs/2308.07857.pdf,data/processed/texts/2308.07857.txt,already_exists,extracted,142799,False
2402.06233v1,2402.06233,"Collaborative filtering, K-nearest neighbor and cosine similarity in home decor recommender systems",Nanna Bach Munkholm; Robert Alphinas; Torben Tambo,2024,2024-02-09T07:50:14Z,2024-02-09T07:50:14Z,"An architectural framework, based on collaborative filtering using K-nearest neighbor and cosine similarity, was developed and implemented to fit the requirements for the company DecorRaid. The aim of the paper is to test different evaluation techniques within the environment to research the recommender systems performance. Three perspectives were found relevant for evaluating a recommender system in the specific environment, namely dataset, system and user perspective. With these perspectives it was possible to gain a broader view of the recommender systems performance. Online A/B split testing was conducted to compare the performance of small adjustments to the RS and to test the relevance of the evaluation techniques. Key factors are solving the sparsity and cold start problem, where the suggestion is to research a hybrid RS combining Content-based and CF based techniques.",cs.IR; cs.SI,http://arxiv.org/abs/2402.06233v1,https://arxiv.org/pdf/2402.06233v1,"cat:cs.IR AND all:""recommender systems""",data/raw/pdfs/2402.06233.pdf,data/processed/texts/2402.06233.txt,already_exists,extracted,20731,False
2311.01013v1,2311.01013,Evaluation Measures of Individual Item Fairness for Recommender Systems: A Critical Study,Theresia Veronika Rampisela; Maria Maistro; Tuukka Ruotsalo; Christina Lioma,2023,2023-11-02T06:15:49Z,2023-11-02T06:15:49Z,"Fairness is an emerging and challenging topic in recommender systems. In recent years, various ways of evaluating and therefore improving fairness have emerged. In this study, we examine existing evaluation measures of fairness in recommender systems. Specifically, we focus solely on exposure-based fairness measures of individual items that aim to quantify the disparity in how individual items are recommended to users, separate from item relevance to users. We gather all such measures and we critically analyse their theoretical properties. We identify a series of limitations in each of them, which collectively may render the affected measures hard or impossible to interpret, to compute, or to use for comparing recommendations. We resolve these limitations by redefining or correcting the affected measures, or we argue why certain limitations cannot be resolved. We further perform a comprehensive empirical analysis of both the original and our corrected versions of these fairness measures, using real-world and synthetic datasets. Our analysis provides novel insights into the relationship between measures based on different fairness concepts, and different levels of measure sensitivity and strictness. We conclude with practical suggestions of which fairness measures should be used and when. Our code is publicly available. To our knowledge, this is the first critical comparison of individual item fairness measures in recommender systems.",cs.IR,http://arxiv.org/abs/2311.01013v1,https://arxiv.org/pdf/2311.01013v1,"cat:cs.IR AND all:""recommender systems""",data/raw/pdfs/2311.01013.pdf,data/processed/texts/2311.01013.txt,already_exists,extracted,104947,False
2501.05964v2,2501.05964,Recommender Systems for Social Good: The Role of Accountability and Sustainability,Alan Said,2025,2025-01-10T13:46:23Z,2025-08-11T13:11:09Z,"This work examines the role of recommender systems in promoting sustainability, social responsibility, and accountability, with a focus on alignment with the United Nations Sustainable Development Goals (SDGs). As recommender systems become increasingly integrated into daily interactions, they must go beyond personalization to support responsible consumption, reduce environmental impact, and foster social good. We explore strategies to mitigate the carbon footprint of recommendation models, ensure fairness, and implement accountability mechanisms. By adopting these approaches, recommender systems can contribute to sustainable and socially beneficial outcomes, aligning technological advancements with the SDGs focused on environmental sustainability and social well-being.",cs.IR,http://arxiv.org/abs/2501.05964v2,https://arxiv.org/pdf/2501.05964v2,"cat:cs.IR AND all:""recommender systems""",data/raw/pdfs/2501.05964.pdf,data/processed/texts/2501.05964.txt,already_exists,extracted,8003,False
2508.03792v1,2508.03792,"Recommending With, Not For: Co-Designing Recommender Systems for Social Good",Michael D. Ekstrand; Afsaneh Razi; Aleksandra Sarcevic; Maria Soledad Pera; Robin Burke; Katherine Landau Wright,2025,2025-08-05T17:50:39Z,2025-08-05T17:50:39Z,"Recommender systems are usually designed by engineers, researchers, designers, and other members of development teams. These systems are then evaluated based on goals set by the aforementioned teams and other business units of the platforms operating the recommender systems. This design approach emphasizes the designers' vision for how the system can best serve the interests of users, providers, businesses, and other stakeholders. Although designers may be well-informed about user needs through user experience and market research, they are still the arbiters of the system's design and evaluation, with other stakeholders' interests less emphasized in user-centered design and evaluation. When extended to recommender systems for social good, this approach results in systems that reflect the social objectives as envisioned by the designers and evaluated as the designers understand them. Instead, social goals and operationalizations should be developed through participatory and democratic processes that are accountable to their stakeholders. We argue that recommender systems aimed at improving social good should be designed *by* and *with*, not just *for*, the people who will experience their benefits and harms. That is, they should be designed in collaboration with their users, creators, and other stakeholders as full co-designers, not only as user study participants.",cs.HC; cs.CY; cs.IR,http://arxiv.org/abs/2508.03792v1,https://arxiv.org/pdf/2508.03792v1,"cat:cs.IR AND all:""recommender systems""",data/raw/pdfs/2508.03792.pdf,data/processed/texts/2508.03792.txt,already_exists,extracted,68010,False
1111.2948v2,1111.2948,Using Contextual Information as Virtual Items on Top-N Recommender Systems,Marcos A. Domingues; Alipio Mario Jorge; Carlos Soares,2011,2011-11-12T17:53:10Z,2011-11-15T10:20:57Z,"Traditionally, recommender systems for the Web deal with applications that have two dimensions, users and items. Based on access logs that relate these dimensions, a recommendation model can be built and used to identify a set of N items that will be of interest to a certain user. In this paper we propose a method to complement the information in the access logs with contextual information without changing the recommendation algorithm. The method consists in representing context as virtual items. We empirically test this method with two top-N recommender systems, an item-based collaborative filtering technique and association rules, on three data sets. The results show that our method is able to take advantage of the context (new dimensions) when it is informative.",cs.LG; cs.IR,http://arxiv.org/abs/1111.2948v2,https://arxiv.org/pdf/1111.2948v2,"cat:cs.IR AND all:""recommender systems""",data/raw/pdfs/1111.2948.pdf,data/processed/texts/1111.2948.txt,already_exists,extracted,22031,False
2409.05461v1,2409.05461,Recommender Systems Algorithm Selection for Ranking Prediction on Implicit Feedback Datasets,Lukas Wegmeth; Tobias Vente; Joeran Beel,2024,2024-09-09T09:42:31Z,2024-09-09T09:42:31Z,"The recommender systems algorithm selection problem for ranking prediction on implicit feedback datasets is under-explored. Traditional approaches in recommender systems algorithm selection focus predominantly on rating prediction on explicit feedback datasets, leaving a research gap for ranking prediction on implicit feedback datasets. Algorithm selection is a critical challenge for nearly every practitioner in recommender systems. In this work, we take the first steps toward addressing this research gap. We evaluate the NDCG@10 of 24 recommender systems algorithms, each with two hyperparameter configurations, on 72 recommender systems datasets. We train four optimized machine-learning meta-models and one automated machine-learning meta-model with three different settings on the resulting meta-dataset. Our results show that the predictions of all tested meta-models exhibit a median Spearman correlation ranging from 0.857 to 0.918 with the ground truth. We show that the median Spearman correlation between meta-model predictions and the ground truth increases by an average of 0.124 when the meta-model is optimized to predict the ranking of algorithms instead of their performance. Furthermore, in terms of predicting the best algorithm for an unknown dataset, we demonstrate that the best optimized traditional meta-model, e.g., XGBoost, achieves a recall of 48.6%, outperforming the best tested automated machine learning meta-model, e.g., AutoGluon, which achieves a recall of 47.2%.",cs.IR,http://arxiv.org/abs/2409.05461v1,https://arxiv.org/pdf/2409.05461v1,"cat:cs.IR AND all:""recommender systems""",data/raw/pdfs/2409.05461.pdf,data/processed/texts/2409.05461.txt,already_exists,extracted,24670,False
2302.11360v2,2302.11360,Commonality in Recommender Systems: Evaluating Recommender Systems to Enhance Cultural Citizenship,Andres Ferraro; Gustavo Ferreira; Fernando Diaz; Georgina Born,2023,2023-02-22T13:16:55Z,2023-02-23T02:46:12Z,"Recommender systems have become the dominant means of curating cultural content, significantly influencing individual cultural experience. Since recommender systems tend to optimize for personalized user experience, they can overlook impacts on cultural experience in the aggregate. After demonstrating that existing metrics do not center culture, we introduce a new metric, commonality, that measures the degree to which recommendations familiarize a given user population with specified categories of cultural content. We developed commonality through an interdisciplinary dialogue between researchers in computer science and the social sciences and humanities. With reference to principles underpinning public service media systems in democratic societies, we identify universality of address and content diversity in the service of strengthening cultural citizenship as particularly relevant goals for recommender systems delivering cultural content. We develop commonality as a measure of recommender system alignment with the promotion of content toward a shared cultural experience across a population of users. We empirically compare the performance of recommendation algorithms using commonality with existing metrics, demonstrating that commonality captures a novel property of system behavior complementary to existing metrics. Alongside existing fairness and diversity metrics, commonality contributes to a growing body of scholarship developing `public good' rationales for machine learning systems.",cs.IR,http://arxiv.org/abs/2302.11360v2,https://arxiv.org/pdf/2302.11360v2,"cat:cs.IR AND all:""recommender systems""",data/raw/pdfs/2302.11360.pdf,data/processed/texts/2302.11360.txt,already_exists,extracted,80555,False
2412.14193v2,2412.14193,Whom do Explanations Serve? A Systematic Literature Survey of User Characteristics in Explainable Recommender Systems Evaluation,Kathrin Wardatzky; Oana Inel; Luca Rossetto; Abraham Bernstein,2024,2024-12-12T13:01:30Z,2025-02-03T16:50:32Z,"Adding explanations to recommender systems is said to have multiple benefits, such as increasing user trust or system transparency. Previous work from other application areas suggests that specific user characteristics impact the users' perception of the explanation. However, we rarely find this type of evaluation for recommender systems explanations. This paper addresses this gap by surveying 124 papers in which recommender systems explanations were evaluated in user studies. We analyzed their participant descriptions and study results where the impact of user characteristics on the explanation effects was measured. Our findings suggest that the results from the surveyed studies predominantly cover specific users who do not necessarily represent the users of recommender systems in the evaluation domain. This may seriously hamper the generalizability of any insights we may gain from current studies on explanations in recommender systems. We further find inconsistencies in the data reporting, which impacts the reproducibility of the reported results. Hence, we recommend actions to move toward a more inclusive and reproducible evaluation.",cs.HC; cs.AI; cs.IR,http://arxiv.org/abs/2412.14193v2,https://arxiv.org/pdf/2412.14193v2,"cat:cs.IR AND all:""recommender systems""",data/raw/pdfs/2412.14193.pdf,data/processed/texts/2412.14193.txt,already_exists,extracted,94736,False
1707.09258v1,1707.09258,Patterns of Multistakeholder Recommendation,Robin Burke; Himan Abdollahpouri,2017,2017-07-28T14:42:34Z,2017-07-28T14:42:34Z,"Recommender systems are personalized information systems. However, in many settings, the end-user of the recommendations is not the only party whose needs must be represented in recommendation generation. Incorporating this insight gives rise to the notion of multistakeholder recommendation, in which the interests of multiple parties are represented in recommendation algorithms and evaluation. In this paper, we identify patterns of stakeholder utility that characterize different multistakeholder recommendation applications, and provide a taxonomy of the different possible systems, only some of which have currently been implemented.",cs.IR,http://arxiv.org/abs/1707.09258v1,https://arxiv.org/pdf/1707.09258v1,"cat:cs.IR AND all:""recommendation""",data/raw/pdfs/1707.09258.pdf,data/processed/texts/1707.09258.txt,already_exists,extracted,23405,False
2604.05113v1,2604.05113,CRAB: Codebook Rebalancing for Bias Mitigation in Generative Recommendation,Zezhong Fan; Ziheng Chen; Luyi Ma; Jin Huang; Lalitesh Morishetti; Kaushiki Nag; Sushant Kumar; Kannan Achan,2026,2026-04-06T19:18:24Z,2026-04-06T19:18:24Z,"Generative recommendation (GeneRec) has introduced a new paradigm that represents items as discrete semantic tokens and predicts items in a generative manner. Despite its strong performance across multiple recommendation tasks, existing GeneRec approaches still suffer from severe popularity bias and may even exacerbate it. In this work, we conduct a comprehensive empirical analysis to uncover the root causes of this phenomenon, yielding two core insights: 1) imbalanced tokenization inherits and can further amplify popularity bias from historical item interactions; 2) current training procedures disproportionately favor popular tokens while neglecting semantic relationships among tokens, thereby intensifying popularity bias. Building on these insights, we propose CRAB, a post-hoc debiasing strategy for GeneRec that alleviates popularity bias by mitigating frequency imbalance among semantic tokens. Specifically, given a well-trained model, we first rebalance the codebook by splitting over-popular tokens while preserving their hierarchical semantic structure. Based on the adjusted codebook, we further introduce a tree-structured regularizer to enhance semantic consistency, encouraging more informative representations for unpopular tokens during training. Experiments on real-world datasets demonstrate that CRAB significantly improves recommendation performance by effectively alleviating popularity bias.",cs.IR; cs.AI,http://arxiv.org/abs/2604.05113v1,https://arxiv.org/pdf/2604.05113v1,"cat:cs.IR AND all:""recommendation""",data/raw/pdfs/2604.05113.pdf,data/processed/texts/2604.05113.txt,already_exists,extracted,21073,False
2606.25496v1,2606.25496,Recommendation as Generation: Unifying Personalized Video Generation and Recommendation at Industrial Scale,Yanhua Cheng; Bo Wang; Haotian Zhang; Xinyuan Gao; Zhihui Yin; Ben Xue; Yongzhi Li; Jieting Xue; Ye Ma; Minquan Wang; Jiahui Li; Tianyu Xu; Zhiqiang Liu; Xiao Lin; Shiyang Wen; Changcheng Li; Liu Liu; Quan Chen; Peng Jiang; Kun Gai,2026,2026-06-24T07:23:20Z,2026-06-24T07:23:20Z,"Traditional short-video recommendation systems match user interest to a fixed pool of pre-produced videos, which limits their ability to capture fine-grained and dynamic preferences. We propose Recommendation-as-Generation (RaG), a new paradigm that generates personalized videos on demand from inferred user interest. Our framework unifies generative recommendation and video generation through shared semantic IDs (SIDs), which disentangle video representation into content semantics and creative style semantics, enabling both fine-grained modeling of user interest and controllable generation of interest-aligned videos. We further develop Video Generation Agents (VGAs) that are conditioned on inferred SIDs to drive hierarchical planning and refinement for video creation, including visual composition, audio alignment, and artistic effect enhancement. To optimize the framework, we effectively introduce a synergistic cross-domain reward learning mechanism that jointly enforces interest alignment, user feedback, and video quality assessment. We deploy RaG on an industrial-scale platform with over 400 million daily active users and evaluate it in a revenue-critical advertising scenario. Online A/B tests show up to 1.87% ad revenue improvement compared to a strong production GRM baseline, demonstrating its effectiveness in driving further revenue gains beyond generative recommendation. Our results highlight a closed-loop generative system as a promising paradigm for integrating personalized video generation into recommendation.",cs.IR,http://arxiv.org/abs/2606.25496v1,https://arxiv.org/pdf/2606.25496v1,"cat:cs.IR AND all:""recommendation""",data/raw/pdfs/2606.25496.pdf,data/processed/texts/2606.25496.txt,already_exists,extracted,50284,False
2002.00741v1,2002.00741,Déjà vu: A Contextualized Temporal Attention Mechanism for Sequential Recommendation,Jibang Wu; Renqin Cai; Hongning Wang,2020,2020-01-29T20:27:42Z,2020-01-29T20:27:42Z,"Predicting users' preferences based on their sequential behaviors in history is challenging and crucial for modern recommender systems. Most existing sequential recommendation algorithms focus on transitional structure among the sequential actions, but largely ignore the temporal and context information, when modeling the influence of a historical event to current prediction. In this paper, we argue that the influence from the past events on a user's current action should vary over the course of time and under different context. Thus, we propose a Contextualized Temporal Attention Mechanism that learns to weigh historical actions' influence on not only what action it is, but also when and how the action took place. More specifically, to dynamically calibrate the relative input dependence from the self-attention mechanism, we deploy multiple parameterized kernel functions to learn various temporal dynamics, and then use the context information to determine which of these reweighing kernels to follow for each input. In empirical evaluations on two large public recommendation datasets, our model consistently outperformed an extensive set of state-of-the-art sequential recommendation methods.",cs.IR; cs.CL; cs.LG,http://arxiv.org/abs/2002.00741v1,https://arxiv.org/pdf/2002.00741v1,"cat:cs.IR AND all:""recommendation""",data/raw/pdfs/2002.00741.pdf,data/processed/texts/2002.00741.txt,already_exists,extracted,59492,False
2210.01942v1,2210.01942,IGNiteR: News Recommendation in Microblogging Applications (Extended Version),Yuting Feng; Bogdan Cautis,2022,2022-10-04T22:33:58Z,2022-10-04T22:33:58Z,"News recommendation is one of the most challenging tasks in recommender systems, mainly due to the ephemeral relevance of news to users. As social media, and particularly microblogging applications like Twitter or Weibo, gains popularity as platforms for news dissemination, personalized news recommendation in this context becomes a significant challenge. We revisit news recommendation in the microblogging scenario, by taking into consideration social interactions and observations tracing how the information that is up for recommendation spreads in an underlying network. We propose a deep-learning based approach that is diffusion and influence-aware, called Influence-Graph News Recommender (IGNiteR). It is a content-based deep recommendation model that jointly exploits all the data facets that may impact adoption decisions, namely semantics, diffusion-related features pertaining to local and global influence among users, temporal attractiveness, and timeliness, as well as dynamic user preferences. To represent the news, a multi-level attention-based encoder is used to reveal the different interests of users. This news encoder relies on a CNN for the news content and on an attentive LSTM for the diffusion traces. For the latter, by exploiting previously observed news diffusions (cascades) in the microblogging medium, users are mapped to a latent space that captures potential influence on others or susceptibility of being influenced for news adoptions. Similarly, a time-sensitive user encoder enables us to capture the dynamic preferences of users with an attention-based bidirectional LSTM. We perform extensive experiments on two real-world datasets, showing that IGNiteR outperforms the state-of-the-art deep-learning based news recommendation methods.",cs.IR; cs.AI; cs.LG; cs.SI,http://arxiv.org/abs/2210.01942v1,https://arxiv.org/pdf/2210.01942v1,"cat:cs.IR AND all:""recommendation""",data/raw/pdfs/2210.01942.pdf,data/processed/texts/2210.01942.txt,already_exists,extracted,52776,False
2605.18805v1,2605.18805,RecoAtlas: From Semantic Plausibility to Set-Level Utility in LLM Recommendation Agents,Imad Aouali; Flavian Vasile; Otmane Sakhi; Alexandre Gilotte; Benjamin Heymann,2026,2026-05-11T18:55:32Z,2026-05-11T18:55:32Z,"LLM recommendation agents increasingly produce structured recommendation reports: sets of items accompanied by natural-language justifications. Yet existing evaluations often reduce this setting to reranking small shortlisted candidate sets or judge reports mainly by semantic plausibility. We introduce Recommendation Atlas (Agentic Tool-Level Assessment for Shopping), or RecoAtlas, a benchmark and toolkit for evaluating shopping agents with behavior-grounded metrics. RecoAtlas complements held-out interaction metrics with learned utility proxies for relevance, complementarity, and diversity derived from interaction data, while separately measuring semantic coherence and explanation quality. Its controlled tool environment exposes agents to either semantic, behavior-aligned, or faulty tools, enabling diagnosis of whether performance gains arise from stronger reasoning, better signals, or more effective tool-use policies. Across controlled experiments, we show that RecoAtlas exhibits key properties of a meaningful benchmark for agentic systems: performance scales with model capacity and test-time compute, improves with stronger and better-aligned tools, degrades under noisy or misaligned signals, and reveals that semantic plausibility does not necessarily capture behavior-grounded utility. RecoAtlas provides a foundation for developing and evaluating shopping assistants that optimize not only for plausible recommendations, but also for coherent, behaviorally grounded recommendation sets.",cs.IR; cs.AI; cs.LG,http://arxiv.org/abs/2605.18805v1,https://arxiv.org/pdf/2605.18805v1,"cat:cs.IR AND all:""recommendation""",data/raw/pdfs/2605.18805.pdf,data/processed/texts/2605.18805.txt,already_exists,extracted,35846,False
2409.07367v1,2409.07367,Enhancing Sequential Music Recommendation with Negative Feedback-informed Contrastive Learning,Pavan Seshadri; Shahrzad Shashaani; Peter Knees,2024,2024-09-11T15:56:05Z,2024-09-11T15:56:05Z,"Modern music streaming services are heavily based on recommendation engines to serve content to users. Sequential recommendation -- continuously providing new items within a single session in a contextually coherent manner -- has been an emerging topic in current literature. User feedback -- a positive or negative response to the item presented -- is used to drive content recommendations by learning user preferences. We extend this idea to session-based recommendation to provide context-coherent music recommendations by modelling negative user feedback, i.e., skips, in the loss function. We propose a sequence-aware contrastive sub-task to structure item embeddings in session-based music recommendation, such that true next-positive items (ignoring skipped items) are structured closer in the session embedding space, while skipped tracks are structured farther away from all items in the session. This directly affects item rankings using a K-nearest-neighbors search for next-item recommendations, while also promoting the rank of the true next item. Experiments incorporating this task into SoTA methods for sequential item recommendation show consistent performance gains in terms of next-item hit rate, item ranking, and skip down-ranking on three music recommendation datasets, strongly benefiting from the increasing presence of user feedback.",cs.IR,http://arxiv.org/abs/2409.07367v1,https://arxiv.org/pdf/2409.07367v1,"cat:cs.IR AND all:""recommendation""",data/raw/pdfs/2409.07367.pdf,data/processed/texts/2409.07367.txt,already_exists,extracted,24779,False
1707.08913v1,1707.08913,Multi-Stakeholder Recommendation: Applications and Challenges,Yong Zheng,2017,2017-07-27T15:52:18Z,2017-07-27T15:52:18Z,"Recommender systems have been successfully applied to assist decision making by producing a list of item recommendations tailored to user preferences. Traditional recommender systems only focus on optimizing the utility of the end users who are the receiver of the recommendations. By contrast, multi-stakeholder recommendation attempts to generate recommendations that satisfy the needs of both the end users and other parties or stakeholders. This paper provides an overview and discussion about the multi-stakeholder recommendations from the perspective of practical applications, available data sets, corresponding research challenges and potential solutions.",cs.IR,http://arxiv.org/abs/1707.08913v1,https://arxiv.org/pdf/1707.08913v1,"cat:cs.IR AND all:""recommendation""",data/raw/pdfs/1707.08913.pdf,data/processed/texts/1707.08913.txt,already_exists,extracted,25587,False
1708.00120v1,1708.00120,Multiple Stakeholders in Music Recommender Systems,Himan Abdollahpouri; Steve Essinger,2017,2017-08-01T01:14:41Z,2017-08-01T01:14:41Z,"Music recommendation services collectively spin billions of songs for millions of listeners on a daily basis. Users can typically listen to a variety of songs tailored to their personal tastes and preferences. Music is not the only type of content encountered in these services, however. Advertisements are generally interspersed throughout the music stream to generate revenue for the business. Additional content may include artist messaging, ticketing, sports, news and weather. In this paper, we discuss issues that arise when multiple content providers are stakeholders in the recommendation process. These stakeholders each have their own objectives and must work in concert to sustain a healthy music recommendation service.",cs.CY; cs.IR,http://arxiv.org/abs/1708.00120v1,https://arxiv.org/pdf/1708.00120v1,"cat:cs.IR AND all:""recommendation""",data/raw/pdfs/1708.00120.pdf,data/processed/texts/1708.00120.txt,already_exists,extracted,10706,False
2203.16942v1,2203.16942,Sequential Recommendation with User Evolving Preference Decomposition,Weiqi Shao; Xu Chen; Long Xia; Jiashu Zhao; Dawei Yin,2022,2022-03-31T10:57:59Z,2022-03-31T10:57:59Z,"Modeling user sequential behaviors has recently attracted increasing attention in the recommendation domain. Existing methods mostly assume coherent preference in the same sequence. However, user personalities are volatile and easily changed, and there can be multiple mixed preferences underlying user behaviors. To solve this problem, in this paper, we propose a novel sequential recommender model via decomposing and modeling user independent preferences. To achieve this goal, we highlight three practical challenges considering the inconsistent, evolving and uneven nature of the user behavior, which are seldom noticed by the previous work. For overcoming these challenges in a unified framework, we introduce a reinforcement learning module to simulate the evolution of user preference. More specifically, the action aims to allocate each item into a sub-sequence or create a new one according to how the previous items are decomposed as well as the time interval between successive behaviors. The reward is associated with the final loss of the learning objective, aiming to generate sub-sequences which can better fit the training data. We conduct extensive experiments based on six real-world datasets across different domains. Compared with the state-of-the-art methods, empirical studies manifest that our model can on average improve the performance by about 8.21%, 10.08%, 10.32%, and 9.82% on the metrics of Precision, Recall, NDCG and MRR, respectively.",cs.IR,http://arxiv.org/abs/2203.16942v1,https://arxiv.org/pdf/2203.16942v1,"cat:cs.IR AND all:""recommendation""",data/raw/pdfs/2203.16942.pdf,data/processed/texts/2203.16942.txt,already_exists,extracted,51322,False
2206.07351v2,2206.07351,RecBole 2.0: Towards a More Up-to-Date Recommendation Library,Wayne Xin Zhao; Yupeng Hou; Xingyu Pan; Chen Yang; Zeyu Zhang; Zihan Lin; Jingsen Zhang; Shuqing Bian; Jiakai Tang; Wenqi Sun; Yushuo Chen; Lanling Xu; Gaowei Zhang; Zhen Tian; Changxin Tian; Shanlei Mu; Xinyan Fan; Xu Chen; Ji-Rong Wen,2022,2022-06-15T08:03:29Z,2022-06-16T03:57:42Z,"In order to support the study of recent advances in recommender systems, this paper presents an extended recommendation library consisting of eight packages for up-to-date topics and architectures. First of all, from a data perspective, we consider three important topics related to data issues (i.e., sparsity, bias and distribution shift), and develop five packages accordingly: meta-learning, data augmentation, debiasing, fairness and cross-domain recommendation. Furthermore, from a model perspective, we develop two benchmarking packages for Transformer-based and graph neural network (GNN)-based models, respectively. All the packages (consisting of 65 new models) are developed based on a popular recommendation framework RecBole, ensuring that both the implementation and interface are unified. For each package, we provide complete implementations from data loading, experimental setup, evaluation and algorithm implementation. This library provides a valuable resource to facilitate the up-to-date research in recommender systems. The project is released at the link: https://github.com/RUCAIBox/RecBole2.0.",cs.IR,http://arxiv.org/abs/2206.07351v2,https://arxiv.org/pdf/2206.07351v2,"cat:cs.IR AND all:""recommendation""",data/raw/pdfs/2206.07351.pdf,data/processed/texts/2206.07351.txt,already_exists,extracted,23877,False
2211.01154v1,2211.01154,Mitigating Popularity Bias in Recommendation with Unbalanced Interactions: A Gradient Perspective,Weijieying Ren; Lei Wang; Kunpeng Liu; Ruocheng Guo; Lim Ee Peng; Yanjie Fu,2022,2022-10-31T01:01:41Z,2022-10-31T01:01:41Z,"Recommender systems learn from historical user-item interactions to identify preferred items for target users. These observed interactions are usually unbalanced following a long-tailed distribution. Such long-tailed data lead to popularity bias to recommend popular but not personalized items to users. We present a gradient perspective to understand two negative impacts of popularity bias in recommendation model optimization: (i) the gradient direction of popular item embeddings is closer to that of positive interactions, and (ii) the magnitude of positive gradient for popular items are much greater than that of unpopular items. To address these issues, we propose a simple yet efficient framework to mitigate popularity bias from a gradient perspective. Specifically, we first normalize each user embedding and record accumulated gradients of users and items via popularity bias measures in model training. To address the popularity bias issues, we develop a gradient-based embedding adjustment approach used in model testing. This strategy is generic, model-agnostic, and can be seamlessly integrated into most existing recommender systems. Our extensive experiments on two classic recommendation models and four real-world datasets demonstrate the effectiveness of our method over state-of-the-art debiasing baselines.",cs.IR,http://arxiv.org/abs/2211.01154v1,https://arxiv.org/pdf/2211.01154v1,"cat:cs.IR AND all:""recommendation""",data/raw/pdfs/2211.01154.pdf,data/processed/texts/2211.01154.txt,already_exists,extracted,47446,False
2006.15772v2,2006.15772,Multi-sided Exposure Bias in Recommendation,Himan Abdollahpouri; Masoud Mansoury,2020,2020-06-29T02:00:25Z,2020-07-01T18:15:46Z,"Academic research in recommender systems has been greatly focusing on the accuracy-related measures of recommendations. Even when non-accuracy measures such as popularity bias, diversity, and novelty are studied, it is often solely from the users' perspective. However, many real-world recommenders are often multi-stakeholder environments in which the needs and interests of several stakeholders should be addressed in the recommendation process. In this paper, we focus on the popularity bias problem which is a well-known property of many recommendation algorithms where few popular items are over-recommended while the majority of other items do not get proportional attention and address its impact on different stakeholders. Using several recommendation algorithms and two publicly available datasets in music and movie domains, we empirically show the inherent popularity bias of the algorithms and how this bias impacts different stakeholders such as users and suppliers of the items. We also propose metrics to measure the exposure bias of recommendation algorithms from the perspective of different stakeholders.",cs.IR,http://arxiv.org/abs/2006.15772v2,https://arxiv.org/pdf/2006.15772v2,"cat:cs.IR AND all:""recommendation""",data/raw/pdfs/2006.15772.pdf,data/processed/texts/2006.15772.txt,already_exists,extracted,24282,False
2101.03392v1,2101.03392,Generate Natural Language Explanations for Recommendation,Hanxiong Chen; Xu Chen; Shaoyun Shi; Yongfeng Zhang,2021,2021-01-09T17:00:41Z,2021-01-09T17:00:41Z,"Providing personalized explanations for recommendations can help users to understand the underlying insight of the recommendation results, which is helpful to the effectiveness, transparency, persuasiveness and trustworthiness of recommender systems. Current explainable recommendation models mostly generate textual explanations based on pre-defined sentence templates. However, the expressiveness power of template-based explanation sentences are limited to the pre-defined expressions, and manually defining the expressions require significant human efforts. Motivated by this problem, we propose to generate free-text natural language explanations for personalized recommendation. In particular, we propose a hierarchical sequence-to-sequence model (HSS) for personalized explanation generation. Different from conventional sentence generation in NLP research, a great challenge of explanation generation in e-commerce recommendation is that not all sentences in user reviews are of explanation purpose. To solve the problem, we further propose an auto-denoising mechanism based on topical item feature words for sentence generation. Experiments on various e-commerce product domains show that our approach can not only improve the recommendation accuracy, but also the explanation quality in terms of the offline measures and feature words coverage. This research is one of the initial steps to grant intelligent agents with the ability to explain itself based on natural language sentences.",cs.IR; cs.AI; cs.CL,http://arxiv.org/abs/2101.03392v1,https://arxiv.org/pdf/2101.03392v1,"cat:cs.IR AND all:""recommendation""",data/raw/pdfs/2101.03392.pdf,data/processed/texts/2101.03392.txt,already_exists,extracted,47724,False
2602.12129v2,2602.12129,Towards Personalized Bangla Book Recommendation: A Large-Scale Heterogeneous Book Graph Dataset,Rahin Arefin Ahmed; Md. Anik Chowdhury; Sakil Ahmed Sheikh Reza; Devnil Bhattacharjee; Muhammad Abdullah Adnan; Julian McAuley; Nafis Sadeq,2026,2026-02-12T16:18:55Z,2026-06-08T09:27:14Z,"Personalized book recommendation in Bangla literature has been constrained by the lack of structured, large-scale, and publicly available datasets. This work introduces RokomariBG, a large-scale heterogeneous book graph dataset designed to support research on personalized recommendation in a low-resource language setting. The dataset comprises 127,302 books, 63,723 users, 16,601 authors, 1,515 categories, 2,757 publishers, and 209,602 reviews, connected through several relation types and organized as a comprehensive knowledge graph. To demonstrate the utility of the dataset, we present a systematic benchmarking study on the top-N recommendation and sequential recommendation tasks, evaluating a diverse set of representative recommendation models. Through comprehensive benchmarking, we demonstrate that recommendation performance in this domain is strongly influenced by both heterogeneous relational information and code-mixed textual metadata. These findings reveal unique challenges of Bangladeshi e-commerce ecosystems that are largely absent from existing recommendation benchmarks. Overall, this work establishes a foundational benchmark and a publicly available resource for Bangla book recommendation research, enabling reproducible evaluation and future studies on recommendation in low-resource cultural domains. The dataset and code are publicly available at https://github.com/backlashblitz/Bangla-Book-Recommendation-Dataset",cs.IR; cs.LG,http://arxiv.org/abs/2602.12129v2,https://arxiv.org/pdf/2602.12129v2,"cat:cs.IR AND all:""recommendation""",data/raw/pdfs/2602.12129.pdf,data/processed/texts/2602.12129.txt,already_exists,extracted,34205,False
1707.09790v1,1707.09790,Evaluating Music Recommender Systems for Groups,Zsolt Mezei; Carsten Eickhoff,2017,2017-07-31T10:00:55Z,2017-07-31T10:00:55Z,"Recommendation to groups of users is a challenging and currently only passingly studied task. Especially the evaluation aspect often appears ad-hoc and instead of truly evaluating on groups of users, synthesizes groups by merging individual preferences. In this paper, we present a user study, recording the individual and shared preferences of actual groups of participants, resulting in a robust, standardized evaluation benchmark. Using this benchmarking dataset, that we share with the research community, we compare the respective performance of a wide range of music group recommendation techniques proposed in the",cs.AI; cs.HC; cs.IR,http://arxiv.org/abs/1707.09790v1,https://arxiv.org/pdf/1707.09790v1,"cat:cs.IR AND all:""recommendation""",data/raw/pdfs/1707.09790.pdf,data/processed/texts/1707.09790.txt,already_exists,extracted,17773,False
2301.01737v2,2301.01737,Episodes Discovery Recommendation with Multi-Source Augmentations,Ziwei Fan; Alice Wang; Zahra Nazari,2023,2023-01-04T18:10:26Z,2023-01-17T00:52:46Z,"Recommender systems (RS) commonly retrieve potential candidate items for users from a massive number of items by modeling user interests based on historical interactions. However, historical interaction data is highly sparse, and most items are long-tail items, which limits the representation learning for item discovery. This problem is further augmented by the discovery of novel or cold-start items. For example, after a user displays interest in bitcoin financial investment shows in the podcast space, a recommender system may want to suggest, e.g., a newly released blockchain episode from a more technical show. Episode correlations help the discovery, especially when interaction data of episodes is limited. Accordingly, we build upon the classical Two-Tower model and introduce the novel Multi-Source Augmentations using a Contrastive Learning framework (MSACL) to enhance episode embedding learning by incorporating positive episodes from numerous correlated semantics. Extensive experiments on a real-world podcast recommendation dataset from a large audio streaming platform demonstrate the effectiveness of the proposed framework for user podcast exploration and cold-start episode recommendation.",cs.IR; cs.AI; cs.LG,http://arxiv.org/abs/2301.01737v2,https://arxiv.org/pdf/2301.01737v2,"cat:cs.IR AND all:""recommendation""",data/raw/pdfs/2301.01737.pdf,data/processed/texts/2301.01737.txt,already_exists,extracted,24810,False
1809.03040v2,1809.03040,Fairness-Aware Recommendation of Information Curators,Ziwei Zhu; Jianling Wang; Yin Zhang; James Caverlee,2018,2018-09-09T20:32:48Z,2018-10-03T21:27:27Z,"This paper highlights our ongoing efforts to create effective information curator recommendation models that can be personalized for individual users, while maintaining important fairness properties. Concretely, we introduce the problem of information curator recommendation, provide a high-level overview of a fairness-aware recommender, and introduce some preliminary experimental evidence over a real-world Twitter dataset. We conclude with some thoughts on future directions.",cs.IR,http://arxiv.org/abs/1809.03040v2,https://arxiv.org/pdf/1809.03040v2,"cat:cs.IR AND all:""recommendation""",data/raw/pdfs/1809.03040.pdf,data/processed/texts/1809.03040.txt,already_exists,extracted,21902,False
1407.4832v1,1407.4832,Collaborative Filtering Ensemble for Personalized Name Recommendation,Bernat Coma-Puig; Ernesto Diaz-Aviles; Wolfgang Nejdl,2014,2014-07-16T12:07:36Z,2014-07-16T12:07:36Z,"Out of thousands of names to choose from, picking the right one for your child is a daunting task. In this work, our objective is to help parents making an informed decision while choosing a name for their baby. We follow a recommender system approach and combine, in an ensemble, the individual rankings produced by simple collaborative filtering algorithms in order to produce a personalized list of names that meets the individual parents' taste. Our experiments were conducted using real-world data collected from the query logs of 'nameling' (nameling.net), an online portal for searching and exploring names, which corresponds to the dataset released in the context of the ECML PKDD Discover Challenge 2013. Our approach is intuitive, easy to implement, and features fast training and prediction steps.",cs.IR; cs.AI; cs.LG,http://arxiv.org/abs/1407.4832v1,https://arxiv.org/pdf/1407.4832v1,"cat:cs.IR AND all:""recommendation""",data/raw/pdfs/1407.4832.pdf,data/processed/texts/1407.4832.txt,already_exists,extracted,25570,False
2508.13209v2,2508.13209,Research on Conversational Recommender System Considering Consumer Types,Yaying Luo; Hui Fang; Zhu Sun,2025,2025-08-16T15:15:52Z,2025-09-09T02:13:02Z,"Conversational Recommender Systems (CRS) provide personalized services through multi-turn interactions, yet most existing methods overlook users' heterogeneous decision-making styles and knowledge levels, which constrains both accuracy and efficiency. To address this gap, we propose CT-CRS (Consumer Type-Enhanced Conversational Recommender System), a framework that integrates consumer type modeling into dialogue recommendation. Based on consumer type theory, we define four user categories--dependent, efficient, cautious, and expert--derived from two dimensions: decision-making style (maximizers vs. satisficers) and knowledge level (high vs. low). CT-CRS employs interaction histories and fine-tunes the large language model to automatically infer user types in real time, avoiding reliance on static questionnaires. We incorporate user types into state representation and design a type-adaptive policy that dynamically adjusts recommendation granularity, diversity, and attribute query complexity. To further optimize the dialogue policy, we adopt Inverse Reinforcement Learning (IRL), enabling the agent to approximate expert-like strategies conditioned on consumer type. Experiments on LastFM, Amazon-Book, and Yelp show that CTCRS improves recommendation success rate and reduces interaction turns compared to strong baselines. Ablation studies confirm that both consumer type modeling and IRL contribute significantly to performance gains. These results demonstrate that CT-CRS offers a scalable and interpretable solution for enhancing CRS personalization through the integration of psychological modeling and advanced policy optimization.",cs.IR; cs.AI; cs.SI,http://arxiv.org/abs/2508.13209v2,https://arxiv.org/pdf/2508.13209v2,"cat:cs.IR AND all:""recommendation""",,,failed,missing_pdf,0,False
1309.6908v1,1309.6908,A Collaborative Filtering Based Approach for Recommending Elective Courses,Sanjog Ray; Anuj Sharma,2013,2013-09-26T14:15:07Z,2013-09-26T14:15:07Z,"In management education programmes today, students face a difficult time in choosing electives as the number of electives available are many. As the range and diversity of different elective courses available for selection have increased, course recommendation systems that help students in making choices about courses have become more relevant. In this paper we extend the concept of collaborative filtering approach to develop a course recommendation system. The proposed approach provides student an accurate prediction of the grade they may get if they choose a particular course, which will be helpful when they decide on selecting elective courses, as grade is an important parameter for a student while deciding on an elective course. We experimentally evaluate the collaborative filtering approach on a real life data set and show that the proposed system is effective in terms of accuracy.",cs.IR,http://arxiv.org/abs/1309.6908v1,https://arxiv.org/pdf/1309.6908v1,"cat:cs.IR AND all:""collaborative filtering""",data/raw/pdfs/1309.6908.pdf,data/processed/texts/1309.6908.txt,already_exists,extracted,20714,False
1708.03058v2,1708.03058,Online Interactive Collaborative Filtering Using Multi-Armed Bandit with Dependent Arms,Qing Wang; Chunqiu Zeng; Wubai Zhou; Tao Li; Larisa Shwartz; Genady Ya. Grabarnik,2017,2017-08-10T02:52:57Z,2017-08-11T23:13:10Z,"Online interactive recommender systems strive to promptly suggest to consumers appropriate items (e.g., movies, news articles) according to the current context including both the consumer and item content information. However, such context information is often unavailable in practice for the recommendation, where only the users' interaction data on items can be utilized. Moreover, the lack of interaction records, especially for new users and items, worsens the performance of recommendation further. To address these issues, collaborative filtering (CF), one of the recommendation techniques relying on the interaction data only, as well as the online multi-armed bandit mechanisms, capable of achieving the balance between exploitation and exploration, are adopted in the online interactive recommendation settings, by assuming independent items (i.e., arms). Nonetheless, the assumption rarely holds in reality, since the real-world items tend to be correlated with each other (e.g., two articles with similar topics). In this paper, we study online interactive collaborative filtering problems by considering the dependencies among items. We explicitly formulate the item dependencies as the clusters on arms, where the arms within a single cluster share the similar latent topics. In light of the topic modeling techniques, we come up with a generative model to generate the items from their underlying topics. Furthermore, an efficient online algorithm based on particle learning is developed for inferring both latent parameters and states of our model. Additionally, our inferred model can be naturally integrated with existing multi-armed selection strategies in the online interactive collaborating setting. Empirical studies on two real-world applications, online recommendations of movies and news, demonstrate both the effectiveness and efficiency of the proposed approach.",cs.IR; cs.LG,http://arxiv.org/abs/1708.03058v2,https://arxiv.org/pdf/1708.03058v2,"cat:cs.IR AND all:""collaborative filtering""",data/raw/pdfs/1708.03058.pdf,data/processed/texts/1708.03058.txt,already_exists,extracted,48565,False
1804.08891v1,1804.08891,A multi-level collaborative filtering method that improves recommendations,Nikolaos Polatidis; Christos K. Georgiadis,2018,2018-04-24T08:20:45Z,2018-04-24T08:20:45Z,"Collaborative filtering is one of the most used approaches for providing recommendations in various online environments. Even though collaborative recommendation methods have been widely utilized due to their simplicity and ease of use, accuracy is still an issue. In this paper we propose a multi-level recommendation method with its main purpose being to assist users in decision making by providing recommendations of better quality. The proposed method can be applied in different online domains that use collaborative recommender systems, thus improving the overall user experience. The efficiency of the proposed method is shown by providing an extensive experimental evaluation using five real datasets and with comparisons to alternatives.",cs.IR,http://arxiv.org/abs/1804.08891v1,https://arxiv.org/pdf/1804.08891v1,"cat:cs.IR AND all:""collaborative filtering""",data/raw/pdfs/1804.08891.pdf,data/processed/texts/1804.08891.txt,already_exists,extracted,37081,False
1805.03352v2,1805.03352,Learning Heterogeneous Knowledge Base Embeddings for Explainable Recommendation,Qingyao Ai; Vahid Azizi; Xu Chen; Yongfeng Zhang,2018,2018-05-09T02:32:19Z,2018-11-01T16:15:26Z,"Providing model-generated explanations in recommender systems is important to user experience. State-of-the-art recommendation algorithms - especially collaborative filtering (CF)-based approaches with shallow or deep models - usually work with various unstructured information sources for recommendation, such as textual reviews, visual images, and various implicit or explicit feedbacks. Though structured knowledge bases were considered in content-based approaches, they have been largely ignored recently due to the research focus on CF approaches. However, structured knowledge exhibit unique advantages in personalized recommendation systems. When the explicit knowledge about users and items is considered for recommendation, the system could provide highly customized recommendations based on users' historical behaviors and the knowledge is helpful for providing informed explanations regarding the recommended items. A great challenge for using knowledge bases for recommendation is how to integrate large-scale structured data, while taking advantage of collaborative filtering for highly accurate performance. Recent achievements in knowledge-base embedding (KBE) sheds light on this problem, which makes it possible to learn user and item representations while preserving the structure of their relationship with external knowledge for explanation. In this work, we propose to explain knowledge-base embeddings for explainable recommendation. Specifically, we propose a knowledge-base representation learning framework to embed heterogeneous entities for recommendation, and based on the embedded knowledge base, a soft matching algorithm is proposed to generate personalized explanations for the recommended items. Experimental results on real-world e-commerce datasets verified the superior recommendation performance and the explainability power of our approach compared with state-of-the-art baselines.",cs.IR,http://arxiv.org/abs/1805.03352v2,https://arxiv.org/pdf/1805.03352v2,"cat:cs.IR AND all:""collaborative filtering""",data/raw/pdfs/1805.03352.pdf,data/processed/texts/1805.03352.txt,already_exists,extracted,48839,False
1803.02250v1,1803.02250,CF4CF: Recommending Collaborative Filtering algorithms using Collaborative Filtering,Tiago Cunha; Carlos Soares; André C. P. L. F. de Carvalho,2018,2018-03-06T15:23:46Z,2018-03-06T15:23:46Z,"Automatic solutions which enable the selection of the best algorithms for a new problem are commonly found in the literature. One research area which has recently received considerable efforts is Collaborative Filtering. Existing work includes several approaches using Metalearning, which relate the characteristics of datasets with the performance of the algorithms. This work explores an alternative approach to tackle this problem. Since, in essence, both are recommendation problems, this work uses Collaborative Filtering algorithms to select Collaborative Filtering algorithms. Our approach integrates subsampling landmarkers, which are a data characterization approach commonly used in Metalearning, with a standard Collaborative Filtering method. The experimental results show that CF4CF competes with standard Metalearning strategies in the problem of Collaborative Filtering algorithm selection.",cs.IR,http://arxiv.org/abs/1803.02250v1,https://arxiv.org/pdf/1803.02250v1,"cat:cs.IR AND all:""collaborative filtering""",data/raw/pdfs/1803.02250.pdf,data/processed/texts/1803.02250.txt,already_exists,extracted,21940,False
1909.01727v1,1909.01727,Heterogeneous Collaborative Filtering,Yifang Liu; Zhentao Xu; Cong Hui; Yi Xuan; Jessie Chen; Yuanming Shan,2019,2019-08-31T07:56:58Z,2019-08-31T07:56:58Z,"Recommendation system is important to a content sharing/creating social network. Collaborative filtering is a widely-adopted technology in conventional recommenders, which is based on similarity between positively engaged content items involving the same users. Conventional collaborative filtering (CCF) suffers from cold start problem and narrow content diversity. We propose a new recommendation approach, heterogeneous collaborative filtering (HCF) to tackle these challenges at the root, while keeping the strength of collaborative filtering. We present two implementation algorithms of HCF for content recommendation and content dissemination. Experiment results demonstrate that our approach improve the recommendation quality in a real world social network for content creating and sharing.",cs.IR,http://arxiv.org/abs/1909.01727v1,https://arxiv.org/pdf/1909.01727v1,"cat:cs.IR AND all:""collaborative filtering""",data/raw/pdfs/1909.01727.pdf,data/processed/texts/1909.01727.txt,already_exists,extracted,23195,False
1203.3535v1,1203.3535,Multi-Domain Collaborative Filtering,Yu Zhang; Bin Cao; Dit-Yan Yeung,2012,2012-03-15T11:17:56Z,2012-03-15T11:17:56Z,"Collaborative filtering is an effective recommendation approach in which the preference of a user on an item is predicted based on the preferences of other users with similar interests. A big challenge in using collaborative filtering methods is the data sparsity problem which often arises because each user typically only rates very few items and hence the rating matrix is extremely sparse. In this paper, we address this problem by considering multiple collaborative filtering tasks in different domains simultaneously and exploiting the relationships between domains. We refer to it as a multi-domain collaborative filtering (MCF) problem. To solve the MCF problem, we propose a probabilistic framework which uses probabilistic matrix factorization to model the rating problem in each domain and allows the knowledge to be adaptively transferred across different domains by automatically learning the correlation between domains. We also introduce the link function for different domains to correct their biases. Experiments conducted on several real-world applications demonstrate the effectiveness of our methods when compared with some representative methods.",cs.IR; cs.AI,http://arxiv.org/abs/1203.3535v1,https://arxiv.org/pdf/1203.3535v1,"cat:cs.IR AND all:""collaborative filtering""",data/raw/pdfs/1203.3535.pdf,data/processed/texts/1203.3535.txt,already_exists,extracted,27268,False
1607.00223v2,1607.00223,Memory Based Collaborative Filtering with Lucene,Claudio Gennaro,2016,2016-07-01T12:45:43Z,2024-11-18T07:36:40Z,"Memory Based Collaborative Filtering is a widely used approach to provide recommendations. It exploits similarities between ratings across a population of users by forming a weighted vote to predict unobserved ratings. Bespoke solutions are frequently adopted to deal with the problem of high quality recommendations on large data sets. A disadvantage of this approach, however, is the loss of generality and flexibility of the general collaborative filtering systems. In this paper, we have developed a methodology that allows one to build a scalable and effective collaborative filtering system on top of a conventional full-text search engine such as Apache Lucene.",cs.IR,http://arxiv.org/abs/1607.00223v2,https://arxiv.org/pdf/1607.00223v2,"cat:cs.IR AND all:""collaborative filtering""",data/raw/pdfs/1607.00223.pdf,data/processed/texts/1607.00223.txt,already_exists,extracted,19951,False
2410.03064v2,2410.03064,Geometric Collaborative Filtering with Convergence,Hisham Husain; Julien Monteil,2024,2024-10-04T01:04:41Z,2024-10-27T22:56:17Z,"Latent variable collaborative filtering methods have been a standard approach to modelling user-click interactions due to their simplicity and effectiveness. However, there is limited work on analyzing the mathematical properties of these methods in particular on preventing the overfitting towards the identity, and such methods typically utilize loss functions that overlook the geometry between items. In this work, we introduce a notion of generalization gap in collaborative filtering and analyze this with respect to latent collaborative filtering models. We present a geometric upper bound that gives rise to loss functions, and a way to meaningfully utilize the geometry of item-metadata to improve recommendations. We show how these losses can be minimized and gives the recipe to a new latent collaborative filtering algorithm, which we refer to as GeoCF, due to the geometric nature of our results. We then show experimentally that our proposed GeoCF algorithm can outperform other all existing methods on the Movielens20M and Netflix datasets, as well as two large-scale internal datasets. In summary, our work proposes a theoretically sound method which paves a way to better understand generalization of collaborative filtering at large.",cs.IR; cs.LG; eess.SY,http://arxiv.org/abs/2410.03064v2,https://arxiv.org/pdf/2410.03064v2,"cat:cs.IR AND all:""collaborative filtering""",data/raw/pdfs/2410.03064.pdf,data/processed/texts/2410.03064.txt,already_exists,extracted,29204,False
2204.00849v1,2204.00849,Transformer-Empowered Content-Aware Collaborative Filtering,Weizhe Lin; Linjun Shou; Ming Gong; Pei Jian; Zhilin Wang; Bill Byrne; Daxin Jiang,2022,2022-04-02T12:33:23Z,2022-04-02T12:33:23Z,"Knowledge graph (KG) based Collaborative Filtering is an effective approach to personalizing recommendation systems for relatively static domains such as movies and books, by leveraging structured information from KG to enrich both item and user representations. Motivated by the use of Transformers for understanding rich text in content-based filtering recommender systems, we propose Content-aware KG-enhanced Meta-preference Networks as a way to enhance collaborative filtering recommendation based on both structured information from KG as well as unstructured content features based on Transformer-empowered content-based filtering. To achieve this, we employ a novel training scheme, Cross-System Contrastive Learning, to address the inconsistency of the two very different systems and propose a powerful collaborative filtering model and a variant of the well-known NRMS system within this modeling framework. We also contribute to public domain resources through the creation of a large-scale movie-knowledge-graph dataset and an extension of the already public Amazon-Book dataset through incorporation of text descriptions crawled from external sources. We present experimental results showing that enhancing collaborative filtering with Transformer-based features derived from content-based filtering outperforms strong baseline systems, improving the ability of knowledge-graph-based collaborative filtering systems to exploit item content information.",cs.IR,http://arxiv.org/abs/2204.00849v1,https://arxiv.org/pdf/2204.00849v1,"cat:cs.IR AND all:""collaborative filtering""",data/raw/pdfs/2204.00849.pdf,data/processed/texts/2204.00849.txt,already_exists,extracted,50989,False
1409.2762v1,1409.2762,Parallel and Distributed Collaborative Filtering: A Survey,Efthalia Karydi; Konstantinos G. Margaritis,2014,2014-09-09T14:54:49Z,2014-09-09T14:54:49Z,"Collaborative filtering is amongst the most preferred techniques when implementing recommender systems. Recently, great interest has turned towards parallel and distributed implementations of collaborative filtering algorithms. This work is a survey of the parallel and distributed collaborative filtering implementations, aiming not only to provide a comprehensive presentation of the field's development, but also to offer future research orientation by highlighting the issues that need to be further developed.",cs.IR; cs.DC,http://arxiv.org/abs/1409.2762v1,https://arxiv.org/pdf/1409.2762v1,"cat:cs.IR AND all:""collaborative filtering""",data/raw/pdfs/1409.2762.pdf,data/processed/texts/1409.2762.txt,already_exists,extracted,100187,False
1402.2145v2,1402.2145,Using content features to enhance performance of user-based collaborative filtering performance of user-based collaborative filtering,Niloofar Rastin; Mansoor Zolghadri Jahromi,2014,2014-02-10T13:52:33Z,2014-02-13T12:16:22Z,"Content-based and collaborative filtering methods are the most successful solutions in recommender systems. Content based method is based on items attributes. This method checks the features of users favourite items and then proposes the items which have the most similar characteristics with those items. Collaborative filtering method is based on the determination of similar items or similar users, which are called item-based and user-based collaborative filtering, respectively.In this paper we propose a hybrid method that integrates collaborative filtering and content-based methods. The proposed method can be viewed as user-based Collaborative filtering technique. However to find users with similar taste with active user, we used content features of the item under investigation to put more emphasis on users rating for similar items. In other words two users are similar if their ratings are similar on items that have similar context. This is achieved by assigning a weight to each rating when calculating the similarity of two users.We used movielens data set to access the performance of the proposed method in comparison with basic user-based collaborative filtering and other popular methods.",cs.IR,http://arxiv.org/abs/1402.2145v2,https://arxiv.org/pdf/1402.2145v2,"cat:cs.IR AND all:""collaborative filtering""",data/raw/pdfs/1402.2145.pdf,data/processed/texts/1402.2145.txt,already_exists,extracted,23726,False
2408.02404v1,2408.02404,Feedback Reciprocal Graph Collaborative Filtering,Weijun Chen; Yuanchen Bei; Qijie Shen; Hao Chen; Xiao Huang; Feiran Huang,2024,2024-08-05T11:57:11Z,2024-08-05T11:57:11Z,"Collaborative filtering on user-item interaction graphs has achieved success in the industrial recommendation. However, recommending users' truly fascinated items poses a seesaw dilemma for collaborative filtering models learned from the interaction graph. On the one hand, not all items that users interact with are equally appealing. Some items are genuinely fascinating to users, while others are unfascinated. Training graph collaborative filtering models in the absence of distinction between them can lead to the recommendation of unfascinating items to users. On the other hand, disregarding the interacted but unfascinating items during graph collaborative filtering will result in an incomplete representation of users' interaction intent, leading to a decline in the model's recommendation capabilities. To address this seesaw problem, we propose Feedback Reciprocal Graph Collaborative Filtering (FRGCF), which emphasizes the recommendation of fascinating items while attenuating the recommendation of unfascinating items. Specifically, FRGCF first partitions the entire interaction graph into the Interacted & Fascinated (I&F) graph and the Interacted & Unfascinated (I&U) graph based on the user feedback. Then, FRGCF introduces separate collaborative filtering on the I&F graph and the I&U graph with feedback-reciprocal contrastive learning and macro-level feedback modeling. This enables the I&F graph recommender to learn multi-grained interaction characteristics from the I&U graph without being misdirected by it. Extensive experiments on four benchmark datasets and a billion-scale industrial dataset demonstrate that FRGCF improves the performance by recommending more fascinating items and fewer unfascinating items. Besides, online A/B tests on Taobao's recommender system verify the superiority of FRGCF.",cs.IR,http://arxiv.org/abs/2408.02404v1,https://arxiv.org/pdf/2408.02404v1,"cat:cs.IR AND all:""collaborative filtering""",data/raw/pdfs/2408.02404.pdf,data/processed/texts/2408.02404.txt,already_exists,extracted,36966,False
2511.13166v1,2511.13166,Local Collaborative Filtering: A Collaborative Filtering Method that Utilizes Local Similarities among Users,Zhaoxin Shen; Dan Wu,2025,2025-11-17T09:10:37Z,2025-11-17T09:10:37Z,"To leverage user behavior data from the Internet more effectively in recommender systems, this paper proposes a novel collaborative filtering (CF) method called Local Collaborative Filtering (LCF). LCF utilizes local similarities among users and integrates their data using the law of large numbers (LLN), thereby improving the utilization of user behavior data. Experiments are conducted on the Steam game dataset, and the results of LCF align with real-world needs.",cs.IR; cs.AI; cs.HC,http://arxiv.org/abs/2511.13166v1,https://arxiv.org/pdf/2511.13166v1,"cat:cs.IR AND all:""collaborative filtering""",data/raw/pdfs/2511.13166.pdf,data/processed/texts/2511.13166.txt,already_exists,extracted,16718,False
1211.2891v1,1211.2891,Boosting Simple Collaborative Filtering Models Using Ensemble Methods,Ariel Bar; Lior Rokach; Guy Shani; Bracha Shapira; Alon Schclar,2012,2012-11-13T05:30:36Z,2012-11-13T05:30:36Z,"In this paper we examine the effect of applying ensemble learning to the performance of collaborative filtering methods. We present several systematic approaches for generating an ensemble of collaborative filtering models based on a single collaborative filtering algorithm (single-model or homogeneous ensemble). We present an adaptation of several popular ensemble techniques in machine learning for the collaborative filtering domain, including bagging, boosting, fusion and randomness injection. We evaluate the proposed approach on several types of collaborative filtering base models: k- NN, matrix factorization and a neighborhood matrix factorization model. Empirical evaluation shows a prediction improvement compared to all base CF algorithms. In particular, we show that the performance of an ensemble of simple (weak) CF models such as k-NN is competitive compared with a single strong CF model (such as matrix factorization) while requiring an order of magnitude less computational cost.",cs.IR; cs.LG; stat.ML,http://arxiv.org/abs/1211.2891v1,https://arxiv.org/pdf/1211.2891v1,"cat:cs.IR AND all:""collaborative filtering""",data/raw/pdfs/1211.2891.pdf,data/processed/texts/1211.2891.txt,already_exists,extracted,40142,False
2403.17688v2,2403.17688,Large Language Models Enhanced Collaborative Filtering,Zhongxiang Sun; Zihua Si; Xiaoxue Zang; Kai Zheng; Yang Song; Xiao Zhang; Jun Xu,2024,2024-03-26T13:31:33Z,2024-07-24T01:35:07Z,"Recent advancements in Large Language Models (LLMs) have attracted considerable interest among researchers to leverage these models to enhance Recommender Systems (RSs). Existing work predominantly utilizes LLMs to generate knowledge-rich texts or utilizes LLM-derived embeddings as features to improve RSs. Although the extensive world knowledge embedded in LLMs generally benefits RSs, the application can only take limited number of users and items as inputs, without adequately exploiting collaborative filtering information. Considering its crucial role in RSs, one key challenge in enhancing RSs with LLMs lies in providing better collaborative filtering information through LLMs. In this paper, drawing inspiration from the in-context learning and chain of thought reasoning in LLMs, we propose the Large Language Models enhanced Collaborative Filtering (LLM-CF) framework, which distils the world knowledge and reasoning capabilities of LLMs into collaborative filtering. We also explored a concise and efficient instruction-tuning method, which improves the recommendation capabilities of LLMs while preserving their general functionalities (e.g., not decreasing on the LLM benchmark). Comprehensive experiments on three real-world datasets demonstrate that LLM-CF significantly enhances several backbone recommendation models and consistently outperforms competitive baselines, showcasing its effectiveness in distilling the world knowledge and reasoning capabilities of LLM into collaborative filtering.",cs.IR,http://arxiv.org/abs/2403.17688v2,https://arxiv.org/pdf/2403.17688v2,"cat:cs.IR AND all:""collaborative filtering""",data/raw/pdfs/2403.17688.pdf,data/processed/texts/2403.17688.txt,already_exists,extracted,53444,False
2009.08955v1,2009.08955,Neural Fair Collaborative Filtering,Rashidul Islam; Kamrun Naher Keya; Ziqian Zeng; Shimei Pan; James Foulds,2020,2020-09-02T05:11:11Z,2020-09-02T05:11:11Z,"A growing proportion of human interactions are digitized on social media platforms and subjected to algorithmic decision-making, and it has become increasingly important to ensure fair treatment from these algorithms. In this work, we investigate gender bias in collaborative-filtering recommender systems trained on social media data. We develop neural fair collaborative filtering (NFCF), a practical framework for mitigating gender bias in recommending sensitive items (e.g. jobs, academic concentrations, or courses of study) using a pre-training and fine-tuning approach to neural collaborative filtering, augmented with bias correction techniques. We show the utility of our methods for gender de-biased career and college major recommendations on the MovieLens dataset and a Facebook dataset, respectively, and achieve better performance and fairer behavior than several state-of-the-art models.",cs.IR; cs.LG; stat.ML,http://arxiv.org/abs/2009.08955v1,https://arxiv.org/pdf/2009.08955v1,"cat:cs.IR AND all:""collaborative filtering""",data/raw/pdfs/2009.08955.pdf,data/processed/texts/2009.08955.txt,already_exists,extracted,43261,False
1603.00806v3,1603.00806,Hybrid Collaborative Filtering with Autoencoders,Florian Strub; Jeremie Mary; Romaric Gaudel,2016,2016-03-02T17:48:25Z,2016-07-19T08:10:08Z,"Collaborative Filtering aims at exploiting the feedback of users to provide personalised recommendations. Such algorithms look for latent variables in a large sparse matrix of ratings. They can be enhanced by adding side information to tackle the well-known cold start problem. While Neu-ral Networks have tremendous success in image and speech recognition, they have received less attention in Collaborative Filtering. This is all the more surprising that Neural Networks are able to discover latent variables in large and heterogeneous datasets. In this paper, we introduce a Collaborative Filtering Neural network architecture aka CFN which computes a non-linear Matrix Factorization from sparse rating inputs and side information. We show experimentally on the MovieLens and Douban dataset that CFN outper-forms the state of the art and benefits from side information. We provide an implementation of the algorithm as a reusable plugin for Torch, a popular Neural Network framework.",cs.IR; cs.AI; cs.NE,http://arxiv.org/abs/1603.00806v3,https://arxiv.org/pdf/1603.00806v3,"cat:cs.IR AND all:""collaborative filtering""",data/raw/pdfs/1603.00806.pdf,data/processed/texts/1603.00806.txt,already_exists,extracted,38185,False
1708.05031v2,1708.05031,Neural Collaborative Filtering,Xiangnan He; Lizi Liao; Hanwang Zhang; Liqiang Nie; Xia Hu; Tat-Seng Chua,2017,2017-08-16T18:30:09Z,2017-08-26T01:37:09Z,"In recent years, deep neural networks have yielded immense success on speech recognition, computer vision and natural language processing. However, the exploration of deep neural networks on recommender systems has received relatively less scrutiny. In this work, we strive to develop techniques based on neural networks to tackle the key problem in recommendation -- collaborative filtering -- on the basis of implicit feedback. Although some recent work has employed deep learning for recommendation, they primarily used it to model auxiliary information, such as textual descriptions of items and acoustic features of musics. When it comes to model the key factor in collaborative filtering -- the interaction between user and item features, they still resorted to matrix factorization and applied an inner product on the latent features of users and items. By replacing the inner product with a neural architecture that can learn an arbitrary function from data, we present a general framework named NCF, short for Neural network-based Collaborative Filtering. NCF is generic and can express and generalize matrix factorization under its framework. To supercharge NCF modelling with non-linearities, we propose to leverage a multi-layer perceptron to learn the user-item interaction function. Extensive experiments on two real-world datasets show significant improvements of our proposed NCF framework over the state-of-the-art methods. Empirical evidence shows that using deeper layers of neural networks offers better recommendation performance.",cs.IR,http://arxiv.org/abs/1708.05031v2,https://arxiv.org/pdf/1708.05031v2,"cat:cs.IR AND all:""collaborative filtering""",data/raw/pdfs/1708.05031.pdf,data/processed/texts/1708.05031.txt,already_exists,extracted,50068,True
2003.08343v1,2003.08343,Survey of Privacy-Preserving Collaborative Filtering,Islam Elnabarawy; Wei Jiang; Donald C. Wunsch,2020,2020-03-18T17:14:50Z,2020-03-18T17:14:50Z,"Collaborative filtering recommendation systems provide recommendations to users based on their own past preferences, as well as those of other users who share similar interests. The use of recommendation systems has grown widely in recent years, helping people choose which movies to watch, books to read, and items to buy. However, users are often concerned about their privacy when using such systems, and many users are reluctant to provide accurate information to most online services. Privacy-preserving collaborative filtering recommendation systems aim to provide users with accurate recommendations while maintaining certain guarantees about the privacy of their data. This survey examines the recent literature in privacy-preserving collaborative filtering, providing a broad perspective of the field and classifying the key contributions in the literature using two different criteria: the type of vulnerability they address and the type of approach they use to solve it.",cs.CR; cs.IR; cs.LG,http://arxiv.org/abs/2003.08343v1,https://arxiv.org/pdf/2003.08343v1,"cat:cs.IR AND all:""collaborative filtering""",data/raw/pdfs/2003.08343.pdf,data/processed/texts/2003.08343.txt,already_exists,extracted,29728,False
1803.03502v1,1803.03502,Collaborative Filtering with Graph-based Implicit Feedback,Minzhe Niu; Weinan Zhang; Yanru Qu; Xuezhi Cao; Ruiming Tang; Xiuqiang He; Yong Yu,2018,2018-03-09T13:25:54Z,2018-03-09T13:25:54Z,"Introducing consumed items as users' implicit feedback in matrix factorization (MF) method, SVD++ is one of the most effective collaborative filtering methods for personalized recommender systems. Though powerful, SVD++ has two limitations: (i). only user-side implicit feedback is utilized, whereas item-side implicit feedback, which can also enrich item representations, is not leveraged;(ii). in SVD++, the interacted items are equally weighted when combining the implicit feedback, which can not reflect user's true preferences accurately. To tackle the above limitations, in this paper we propose Graph-based collaborative filtering (GCF) model, Weighted Graph-based collaborative filtering (W-GCF) model and Attentive Graph-based collaborative filtering (A-GCF) model, which (i). generalize the implicit feedback to item side based on the user-item bipartite graph; (ii). flexibly learn the weights of individuals in the implicit feedback hence improve the model's capacity. Comprehensive experiments show that our proposed models outperform state-of-the-art models.For sparse implicit feedback scenarios, additional improvement is further achieved by leveraging the step-two implicit feedback information.",cs.IR,http://arxiv.org/abs/1803.03502v1,https://arxiv.org/pdf/1803.03502v1,"cat:cs.IR AND all:""implicit feedback""",data/raw/pdfs/1803.03502.pdf,data/processed/texts/1803.03502.txt,already_exists,extracted,35042,False
2006.04153v2,2006.04153,Denoising Implicit Feedback for Recommendation,Wenjie Wang; Fuli Feng; Xiangnan He; Liqiang Nie; Tat-Seng Chua,2020,2020-06-07T13:55:36Z,2021-01-03T09:03:12Z,"The ubiquity of implicit feedback makes them the default choice to build online recommender systems. While the large volume of implicit feedback alleviates the data sparsity issue, the downside is that they are not as clean in reflecting the actual satisfaction of users. For example, in E-commerce, a large portion of clicks do not translate to purchases, and many purchases end up with negative reviews. As such, it is of critical importance to account for the inevitable noises in implicit feedback for recommender training. However, little work on recommendation has taken the noisy nature of implicit feedback into consideration. In this work, we explore the central theme of denoising implicit feedback for recommender training. We find serious negative impacts of noisy implicit feedback,i.e., fitting the noisy data prevents the recommender from learning the actual user preference. Our target is to identify and prune noisy interactions, so as to improve the quality of recommender training. By observing the process of normal recommender training, we find that noisy feedback typically has large loss values in the early stages. Inspired by this observation, we propose a new training strategy namedAdaptive Denoising Training(ADT), which adaptively prunes noisy interactions during training. Specifically, we devise two paradigms for adaptive loss formulation: Truncated Loss that discards the large-loss samples with a dynamic threshold in each iteration; and reweighted Loss that adaptively lowers the weight of large-loss samples. We instantiate the two paradigms on the widely used binary cross-entropy loss and test the proposed ADT strategies on three representative recommenders. Extensive experiments on three benchmarks demonstrate that ADT significantly improves the quality of recommendation over normal training.",cs.IR,http://arxiv.org/abs/2006.04153v2,https://arxiv.org/pdf/2006.04153v2,"cat:cs.IR AND all:""implicit feedback""",data/raw/pdfs/2006.04153.pdf,data/processed/texts/2006.04153.txt,already_exists,extracted,48724,False
2204.04397v1,2204.04397,Denoising Neural Network for News Recommendation with Positive and Negative Implicit Feedback,Yunfan Hu; Zhaopeng Qiu; Xian Wu,2022,2022-04-09T05:47:17Z,2022-04-09T05:47:17Z,"News recommendation is different from movie or e-commercial recommendation as people usually do not grade the news. Therefore, user feedback for news is always implicit (click behavior, reading time, etc). Inevitably, there are noises in implicit feedback. On one hand, the user may exit immediately after clicking the news as he dislikes the news content, leaving the noise in his positive implicit feedback; on the other hand, the user may be recommended multiple interesting news at the same time and only click one of them, producing the noise in his negative implicit feedback. Opposite implicit feedback could construct more integrated user preferences and help each other to minimize the noise influence. Previous works on news recommendation only used positive implicit feedback and suffered from the noise impact. In this paper, we propose a denoising neural network for news recommendation with positive and negative implicit feedback, named DRPN. DRPN utilizes both feedback for recommendation with a module to denoise both positive and negative implicit feedback to further enhance the performance. Experiments on the real-world large-scale dataset demonstrate the state-of-the-art performance of DRPN.",cs.IR; cs.CL,http://arxiv.org/abs/2204.04397v1,https://arxiv.org/pdf/2204.04397v1,"cat:cs.IR AND all:""implicit feedback""",data/raw/pdfs/2204.04397.pdf,data/processed/texts/2204.04397.txt,already_exists,extracted,34240,False
2112.01160v1,2112.01160,Learning Robust Recommender from Noisy Implicit Feedback,Wenjie Wang; Fuli Feng; Xiangnan He; Liqiang Nie; Tat-Seng Chua,2021,2021-12-02T12:12:02Z,2021-12-02T12:12:02Z,"The ubiquity of implicit feedback makes it indispensable for building recommender systems. However, it does not actually reflect the actual satisfaction of users. For example, in E-commerce, a large portion of clicks do not translate to purchases, and many purchases end up with negative reviews. As such, it is of importance to account for the inevitable noises in implicit feedback. However, little work on recommendation has taken the noisy nature of implicit feedback into consideration. In this work, we explore the central theme of denoising implicit feedback for recommender learning, including training and inference. By observing the process of normal recommender training, we find that noisy feedback typically has large loss values in the early stages. Inspired by this observation, we propose a new training strategy named Adaptive Denoising Training (ADT), which adaptively prunes the noisy interactions by two paradigms (i.e., Truncated Loss and Reweighted Loss). Furthermore, we consider extra feedback (e.g., rating) as auxiliary signal and propose three strategies to incorporate extra feedback into ADT: finetuning, warm-up training, and colliding inference. We instantiate the two paradigms on the widely used binary cross-entropy loss and test them on three representative recommender models. Extensive experiments on three benchmarks demonstrate that ADT significantly improves the quality of recommendation over normal training without using extra feedback. Besides, the proposed three strategies for using extra feedback largely enhance the denoising ability of ADT.",cs.IR; cs.AI,http://arxiv.org/abs/2112.01160v1,https://arxiv.org/pdf/2112.01160v1,"cat:cs.IR AND all:""implicit feedback""",data/raw/pdfs/2112.01160.pdf,data/processed/texts/2112.01160.txt,already_exists,extracted,59620,False
2204.00718v2,2204.00718,Implicit Feedback for Dense Passage Retrieval: A Counterfactual Approach,Shengyao Zhuang; Hang Li; Guido Zuccon,2022,2022-04-01T23:29:43Z,2022-04-29T02:28:40Z,"In this paper we study how to effectively exploit implicit feedback in Dense Retrievers (DRs). We consider the specific case in which click data from a historic click log is available as implicit feedback. We then exploit such historic implicit interactions to improve the effectiveness of a DR. A key challenge that we study is the effect that biases in the click signal, such as position bias, have on the DRs. To overcome the problems associated with the presence of such bias, we propose the Counterfactual Rocchio (CoRocchio) algorithm for exploiting implicit feedback in Dense Retrievers. We demonstrate both theoretically and empirically that dense query representations learnt with CoRocchio are unbiased with respect to position bias and lead to higher retrieval effectiveness. We make available the implementations of the proposed methods and the experimental framework, along with all results at https://github.com/ielab/Counterfactual-DR.",cs.IR,http://arxiv.org/abs/2204.00718v2,https://arxiv.org/pdf/2204.00718v2,"cat:cs.IR AND all:""implicit feedback""",data/raw/pdfs/2204.00718.pdf,data/processed/texts/2204.00718.txt,already_exists,extracted,52117,False
2101.08769v1,2101.08769,Item Recommendation from Implicit Feedback,Steffen Rendle,2021,2021-01-21T18:50:21Z,2021-01-21T18:50:21Z,"The task of item recommendation is to select the best items for a user from a large catalogue of items. Item recommenders are commonly trained from implicit feedback which consists of past actions that are positive only. Core challenges of item recommendation are (1) how to formulate a training objective from implicit feedback and (2) how to efficiently train models over a large item catalogue. This article provides an overview of item recommendation, its unique characteristics and some common approaches. It starts with an introduction to the problem and discusses different training objectives. The main body deals with learning algorithms and presents sampling based algorithms for general recommenders and more efficient algorithms for dot product models. Finally, the application of item recommenders for retrieval tasks is discussed.",cs.IR; cs.LG,http://arxiv.org/abs/2101.08769v1,https://arxiv.org/pdf/2101.08769v1,"cat:cs.IR AND all:""implicit feedback""",data/raw/pdfs/2101.08769.pdf,data/processed/texts/2101.08769.txt,already_exists,extracted,57788,False
1812.08254v1,1812.08254,Factorization Machines for Data with Implicit Feedback,Babak Loni; Martha Larson; Alan Hanjalic,2018,2018-12-19T21:32:01Z,2018-12-19T21:32:01Z,"In this work, we propose FM-Pair, an adaptation of Factorization Machines with a pairwise loss function, making them effective for datasets with implicit feedback. The optimization model in FM-Pair is based on the BPR (Bayesian Personalized Ranking) criterion, which is a well-established pairwise optimization model. FM-Pair retains the advantages of FMs on generality, expressiveness and performance and yet it can be used for datasets with implicit feedback. We also propose how to apply FM-Pair effectively on two collaborative filtering problems, namely, context-aware recommendation and cross-domain collaborative filtering. By performing experiments on different datasets with explicit or implicit feedback we empirically show that in most of the tested datasets, FM-Pair beats state-of-the-art learning-to-rank methods such as BPR-MF (BPR with Matrix Factorization model). We also show that FM-Pair is significantly more effective for ranking, compared to the standard FMs model. Moreover, we show that FM-Pair can utilize context or cross-domain information effectively as the accuracy of recommendations would always improve with the right auxiliary features. Finally we show that FM-Pair has a linear time complexity and scales linearly by exploiting additional features.",cs.IR,http://arxiv.org/abs/1812.08254v1,https://arxiv.org/pdf/1812.08254v1,"cat:cs.IR AND all:""implicit feedback""",data/raw/pdfs/1812.08254.pdf,data/processed/texts/1812.08254.txt,already_exists,extracted,62276,False
cs/0605036v1,cs/0605036,Evaluating the Robustness of Learning from Implicit Feedback,Filip Radlinski; Thorsten Joachims,2006,2006-05-08T23:38:13Z,2006-05-08T23:38:13Z,"This paper evaluates the robustness of learning from implicit feedback in web search. In particular, we create a model of user behavior by drawing upon user studies in laboratory and real-world settings. The model is used to understand the effect of user behavior on the performance of a learning algorithm for ranked retrieval. We explore a wide range of possible user behaviors and find that learning from implicit feedback can be surprisingly robust. This complements previous results that demonstrated our algorithm's effectiveness in a real-world search engine application.",cs.LG; cs.IR,http://arxiv.org/abs/cs/0605036v1,https://arxiv.org/pdf/cs/0605036v1,"cat:cs.IR AND all:""implicit feedback""",data/raw/pdfs/cs_0605036.pdf,data/processed/texts/cs_0605036.txt,already_exists,extracted,30543,False
2508.05709v2,2508.05709,G-UBS: Towards Robust Understanding of Implicit Feedback via Group-Aware User Behavior Simulation,Boyu Chen; Siran Chen; Zhengrong Yue; Kainan Yan; Chenyun Yu; Beibei Kong; Cheng Lei; Chengxiang Zhuo; Zang Li; Yali Wang,2025,2025-08-07T07:26:08Z,2025-11-24T02:57:36Z,"User feedback is critical for refining recommendation systems, yet explicit feedback (e.g., likes or dislikes) remains scarce in practice. As a more feasible alternative, inferring user preferences from massive implicit feedback has shown great potential (e.g., a user quickly skipping a recommended video usually indicates disinterest). Unfortunately, implicit feedback is often noisy: a user might skip a video due to accidental clicks or other reasons, rather than disliking it. Such noise can easily misjudge user interests, thereby undermining recommendation performance. To address this issue, we propose a novel Group-aware User Behavior Simulation (G-UBS) paradigm, which leverages contextual guidance from relevant user groups, enabling robust and in-depth interpretation of implicit feedback for individual users. Specifically, G-UBS operates via two key agents. First, the User Group Manager (UGM) effectively clusters users to generate group profiles utilizing a ``summarize-cluster-reflect"" workflow based on LLMs. Second, the User Feedback Modeler (UFM) employs an innovative group-aware reinforcement learning approach, where each user is guided by the associated group profiles during the reinforcement learning process, allowing UFM to robustly and deeply examine the reasons behind implicit feedback. To assess our G-UBS paradigm, we have constructed a Video Recommendation benchmark with Implicit Feedback (IF-VR). To the best of our knowledge, this is the first multi-modal benchmark for implicit feedback evaluation in video recommendation, encompassing 15k users, 25k videos, and 933k interaction records with implicit feedback. Extensive experiments on IF-VR demonstrate that G-UBS significantly outperforms mainstream LLMs and MLLMs, with a 4.0% higher proportion of videos achieving a play rate > 30% and 14.9% higher reasoning accuracy on IF-VR.",cs.IR; cs.LG; cs.MA,http://arxiv.org/abs/2508.05709v2,https://arxiv.org/pdf/2508.05709v2,"cat:cs.IR AND all:""implicit feedback""",data/raw/pdfs/2508.05709.pdf,data/processed/texts/2508.05709.txt,already_exists,extracted,40173,False
2206.00147v1,2206.00147,Unbiased Implicit Feedback via Bi-level Optimization,Can Chen; Chen Ma; Xi Chen; Sirui Song; Hao Liu; Xue Liu,2022,2022-05-31T23:32:08Z,2022-05-31T23:32:08Z,"Implicit feedback is widely leveraged in recommender systems since it is easy to collect and provides weak supervision signals. Recent works reveal a huge gap between the implicit feedback and user-item relevance due to the fact that implicit feedback is also closely related to the item exposure. To bridge this gap, existing approaches explicitly model the exposure and propose unbiased estimators to improve the relevance. Unfortunately, these unbiased estimators suffer from the high gradient variance, especially for long-tail items, leading to inaccurate gradient updates and degraded model performance. To tackle this challenge, we propose a low-variance unbiased estimator from a probabilistic perspective, which effectively bounds the variance of the gradient. Unlike previous works which either estimate the exposure via heuristic-based strategies or use a large biased training set, we propose to estimate the exposure via an unbiased small-scale validation set. Specifically, we first parameterize the user-item exposure by incorporating both user and item information, and then construct an unbiased validation set from the biased training set. By leveraging the unbiased validation set, we adopt bi-level optimization to automatically update exposure-related parameters along with recommendation model parameters during the learning. Experiments on two real-world datasets and two semi-synthetic datasets verify the effectiveness of our method.",cs.IR,http://arxiv.org/abs/2206.00147v1,https://arxiv.org/pdf/2206.00147v1,"cat:cs.IR AND all:""implicit feedback""",data/raw/pdfs/2206.00147.pdf,data/processed/texts/2206.00147.txt,already_exists,extracted,30326,False
1606.07674v2,1606.07674,Neural Autoregressive Collaborative Filtering for Implicit Feedback,Yin Zheng; Cailiang Liu; Bangsheng Tang; Hanning Zhou,2016,2016-06-24T13:10:50Z,2016-09-13T03:11:12Z,"This paper proposes implicit CF-NADE, a neural autoregressive model for collaborative filtering tasks using implicit feedback ( e.g. click, watch, browse behaviors). We first convert a users implicit feedback into a like vector and a confidence vector, and then model the probability of the like vector, weighted by the confidence vector. The training objective of implicit CF-NADE is to maximize a weighted negative log-likelihood. We test the performance of implicit CF-NADE on a dataset collected from a popular digital TV streaming service. More specifically, in the experiments, we describe how to convert watch counts into implicit relative rating, and feed into implicit CF-NADE. Then we compare the performance of implicit CF-NADE model with the popular implicit matrix factorization approach. Experimental results show that implicit CF-NADE significantly outperforms the baseline.",cs.IR,http://arxiv.org/abs/1606.07674v2,https://arxiv.org/pdf/1606.07674v2,"cat:cs.IR AND all:""implicit feedback""",data/raw/pdfs/1606.07674.pdf,data/processed/texts/1606.07674.txt,already_exists,extracted,21750,False
1704.01889v2,1704.01889,Conformative Filtering for Implicit Feedback Data,Farhan Khawar; Nevin L. Zhang,2017,2017-04-06T15:31:48Z,2019-04-17T18:17:56Z,"Implicit feedback is the simplest form of user feedback that can be used for item recommendation. It is easy to collect and is domain independent. However, there is a lack of negative examples. Previous work tackles this problem by assuming that users are not interested or not as much interested in the unconsumed items. Those assumptions are often severely violated since non-consumption can be due to factors like unawareness or lack of resources. Therefore, non-consumption by a user does not always mean disinterest or irrelevance. In this paper, we propose a novel method called Conformative Filtering (CoF) to address the issue. The motivating observation is that if there is a large group of users who share the same taste and none of them have consumed an item before, then it is likely that the item is not of interest to the group. We perform multidimensional clustering on implicit feedback data using hierarchical latent tree analysis (HLTA) to identify user `tastes' groups and make recommendations for a user based on her memberships in the groups and on the past behavior of the groups. Experiments on two real-world datasets from different domains show that CoF has superior performance compared to several common baselines.",cs.IR; cs.AI,http://arxiv.org/abs/1704.01889v2,https://arxiv.org/pdf/1704.01889v2,"cat:cs.IR AND all:""implicit feedback""",data/raw/pdfs/1704.01889.pdf,data/processed/texts/1704.01889.txt,already_exists,extracted,29198,False
2105.07377v2,2105.07377,Set2setRank: Collaborative Set to Set Ranking for Implicit Feedback based Recommendation,Lei Chen; Le Wu; Kun Zhang; Richang Hong; Meng Wang,2021,2021-05-16T08:06:22Z,2021-05-26T08:00:02Z,"As users often express their preferences with binary behavior data~(implicit feedback), such as clicking items or buying products, implicit feedback based Collaborative Filtering~(CF) models predict the top ranked items a user might like by leveraging implicit user-item interaction data. For each user, the implicit feedback is divided into two sets: an observed item set with limited observed behaviors, and a large unobserved item set that is mixed with negative item behaviors and unknown behaviors. Given any user preference prediction model, researchers either designed ranking based optimization goals or relied on negative item mining techniques for better optimization. Despite the performance gain of these implicit feedback based models, the recommendation results are still far from satisfactory due to the sparsity of the observed item set for each user. To this end, in this paper, we explore the unique characteristics of the implicit feedback and propose Set2setRank framework for recommendation. The optimization criteria of Set2setRank are two folds: First, we design an item to an item set comparison that encourages each observed item from the sampled observed set is ranked higher than any unobserved item from the sampled unobserved set. Second, we model set level comparison that encourages a margin between the distance summarized from the observed item set and the most ""hard"" unobserved item from the sampled negative set. Further, an adaptive sampling technique is designed to implement these two goals. We have to note that our proposed framework is model-agnostic and can be easily applied to most recommendation prediction approaches, and is time efficient in practice. Finally, extensive experiments on three real-world datasets demonstrate the superiority of our proposed approach.",cs.IR; cs.AI,http://arxiv.org/abs/2105.07377v2,https://arxiv.org/pdf/2105.07377v2,"cat:cs.IR AND all:""implicit feedback""",data/raw/pdfs/2105.07377.pdf,data/processed/texts/2105.07377.txt,already_exists,extracted,55843,False
2008.07577v1,2008.07577,Joint Variational Autoencoders for Recommendation with Implicit Feedback,Bahare Askari; Jaroslaw Szlichta; Amirali Salehi-Abari,2020,2020-08-17T19:06:31Z,2020-08-17T19:06:31Z,"Variational Autoencoders (VAEs) have recently shown promising performance in collaborative filtering with implicit feedback. These existing recommendation models learn user representations to reconstruct or predict user preferences. We introduce joint variational autoencoders (JoVA), an ensemble of two VAEs, in which VAEs jointly learn both user and item representations and collectively reconstruct and predict user preferences. This design allows JoVA to capture user-user and item-item correlations simultaneously. By extending the objective function of JoVA with a hinge-based pairwise loss function (JoVA-Hinge), we further specialize it for top-k recommendation with implicit feedback. Our extensive experiments on several real-world datasets show that JoVA-Hinge outperforms a broad set of state-of-the-art collaborative filtering methods, under a variety of commonly-used metrics. Our empirical results also confirm the outperformance of JoVA-Hinge over existing methods for cold-start users with a limited number of training data.",cs.LG; cs.IR; stat.ML,http://arxiv.org/abs/2008.07577v1,https://arxiv.org/pdf/2008.07577v1,"cat:cs.IR AND all:""implicit feedback""",data/raw/pdfs/2008.07577.pdf,data/processed/texts/2008.07577.txt,already_exists,extracted,35752,False
2505.02492v1,2505.02492,Uncertainty in Repeated Implicit Feedback as a Measure of Reliability,Bruno Sguerra; Viet-Anh Tran; Romain Hennequin; Manuel Moussallam,2025,2025-05-05T09:18:47Z,2025-05-05T09:18:47Z,"Recommender systems rely heavily on user feedback to learn effective user and item representations. Despite their widespread adoption, limited attention has been given to the uncertainty inherent in the feedback used to train these systems. Both implicit and explicit feedback are prone to noise due to the variability in human interactions, with implicit feedback being particularly challenging. In collaborative filtering, the reliability of interaction signals is critical, as these signals determine user and item similarities. Thus, deriving accurate confidence measures from implicit feedback is essential for ensuring the reliability of these signals. A common assumption in academia and industry is that repeated interactions indicate stronger user interest, increasing confidence in preference estimates. However, in domains such as music streaming, repeated consumption can shift user preferences over time due to factors like satiation and exposure. While literature on repeated consumption acknowledges these dynamics, they are often overlooked when deriving confidence scores for implicit feedback. This paper addresses this gap by focusing on music streaming, where repeated interactions are frequent and quantifiable. We analyze how repetition patterns intersect with key factors influencing user interest and develop methods to quantify the associated uncertainty. These uncertainty measures are then integrated as consistency metrics in a recommendation task. Our empirical results show that incorporating uncertainty into user preference models yields more accurate and relevant recommendations. Key contributions include a comprehensive analysis of uncertainty in repeated consumption patterns, the release of a novel dataset, and a Bayesian model for implicit listening feedback.",cs.IR,http://arxiv.org/abs/2505.02492v1,https://arxiv.org/pdf/2505.02492v1,"cat:cs.IR AND all:""implicit feedback""",data/raw/pdfs/2505.02492.pdf,data/processed/texts/2505.02492.txt,already_exists,extracted,47368,False
1901.00597v1,1901.00597,Pseudo-Implicit Feedback for Alleviating Data Sparsity in Top-K Recommendation,Yun He; Haochen Chen; Ziwei Zhu; James Caverlee,2019,2019-01-03T03:28:40Z,2019-01-03T03:28:40Z,"We propose PsiRec, a novel user preference propagation recommender that incorporates pseudo-implicit feedback for enriching the original sparse implicit feedback dataset. Three of the unique characteristics of PsiRec are: (i) it views user-item interactions as a bipartite graph and models pseudo-implicit feedback from this perspective; (ii) its random walks-based approach extracts graph structure information from this bipartite graph, toward estimating pseudo-implicit feedback; and (iii) it adopts a Skip-gram inspired measure of confidence in pseudo-implicit feedback that captures the pointwise mutual information between users and items. This pseudo-implicit feedback is ultimately incorporated into a new latent factor model to estimate user preference in cases of extreme sparsity. PsiRec results in improvements of 21.5% and 22.7% in terms of Precision@10 and Recall@10 over state-of-the-art Collaborative Denoising Auto-Encoders. Our implementation is available at https://github.com/heyunh2015/PsiRecICDM2018.",cs.IR; cs.SI,http://arxiv.org/abs/1901.00597v1,https://arxiv.org/pdf/1901.00597v1,"cat:cs.IR AND all:""implicit feedback""",data/raw/pdfs/1901.00597.pdf,data/processed/texts/1901.00597.txt,already_exists,extracted,29213,False
2002.09841v1,2002.09841,SetRank: A Setwise Bayesian Approach for Collaborative Ranking from Implicit Feedback,Chao Wang; Hengshu Zhu; Chen Zhu; Chuan Qin; Hui Xiong,2020,2020-02-23T06:40:48Z,2020-02-23T06:40:48Z,"The recent development of online recommender systems has a focus on collaborative ranking from implicit feedback, such as user clicks and purchases. Different from explicit ratings, which reflect graded user preferences, the implicit feedback only generates positive and unobserved labels. While considerable efforts have been made in this direction, the well-known pairwise and listwise approaches have still been limited by various challenges. Specifically, for the pairwise approaches, the assumption of independent pairwise preference is not always held in practice. Also, the listwise approaches cannot efficiently accommodate ""ties"" due to the precondition of the entire list permutation. To this end, in this paper, we propose a novel setwise Bayesian approach for collaborative ranking, namely SetRank, to inherently accommodate the characteristics of implicit feedback in recommender system. Specifically, SetRank aims at maximizing the posterior probability of novel setwise preference comparisons and can be implemented with matrix factorization and neural networks. Meanwhile, we also present the theoretical analysis of SetRank to show that the bound of excess risk can be proportional to $\sqrt{M/N}$, where $M$ and $N$ are the numbers of items and users, respectively. Finally, extensive experiments on four real-world datasets clearly validate the superiority of SetRank compared with various state-of-the-art baselines.",cs.IR; cs.LG; stat.ML,http://arxiv.org/abs/2002.09841v1,https://arxiv.org/pdf/2002.09841v1,"cat:cs.IR AND all:""implicit feedback""",data/raw/pdfs/2002.09841.pdf,data/processed/texts/2002.09841.txt,already_exists,extracted,42237,False
2606.19658v1,2606.19658,Denoising Implicit Feedback for Cold-start Recommendation,Gaode Chen; Shicheng Wang; Shikun Li; Rui Huang; Xinghua Zhang; Yunze Luo; Shipeng Li; Shiming Ge; Ruina Sun; Yinjie Jiang; Jun Zhang,2026,2026-06-17T23:50:45Z,2026-06-17T23:50:45Z,"Implicit feedback is widely used in recommender systems due to its accessibility and generality, yet it usually presents noisy samples (e.g., clickbait, position bias). Meanwhile, recommenders inevitably face the item cold-start problem due to the continuous influx of new items. We identify that cold items are more prone to noisy samples due to the aforementioned factors, and researchers often overlook the significance of denoising implicit feedback for cold items. Previous denoising studies usually identify noisy samples based on heuristic patterns, such as higher loss values, and mitigate noise through sample selection or re-weighting. However, these methods have limited adaptability and are ineffective in cold-start scenarios. To achieve denoising implicit feedback for cold-start recommendation, we propose a model-agnostic denoising method called DIF. First, user preferences for content remain stable, which allows us to infer pseudo-labels indicating whether a user is interested in a cold item through content-similar warm items. Furthermore, to improve pseudo-label accuracy, we model the confidence of pseudo-labels based on the content similarity between the cold item and warm items, and then aggregate multiple pseudo-labels for each sample. Finally, we explicitly estimate the uncertainty of the noisy sample label by considering its relative entropy and the cold-start status of the item, which adaptively guides the role of pseudo-labels to correct the noisy labels at the sample level. DIF's superiority is supported by both theoretical justification and extensive experiments on real-world datasets. The method has been deployed on a billion-user scale short video application Kuaishou and has significantly improved various commercial metrics within cold-start scenarios.",cs.AI; cs.IR; cs.MM,http://arxiv.org/abs/2606.19658v1,https://arxiv.org/pdf/2606.19658v1,"cat:cs.IR AND all:""implicit feedback""",data/raw/pdfs/2606.19658.pdf,data/processed/texts/2606.19658.txt,already_exists,extracted,47370,False
1205.2618v1,1205.2618,BPR: Bayesian Personalized Ranking from Implicit Feedback,Steffen Rendle; Christoph Freudenthaler; Zeno Gantner; Lars Schmidt-Thieme,2012,2012-05-09T18:25:09Z,2012-05-09T18:25:09Z,"Item recommendation is the task of predicting a personalized ranking on a set of items (e.g. websites, movies, products). In this paper, we investigate the most common scenario with implicit feedback (e.g. clicks, purchases). There are many methods for item recommendation from implicit feedback like matrix factorization (MF) or adaptive knearest-neighbor (kNN). Even though these methods are designed for the item prediction task of personalized ranking, none of them is directly optimized for ranking. In this paper we present a generic optimization criterion BPR-Opt for personalized ranking that is the maximum posterior estimator derived from a Bayesian analysis of the problem. We also provide a generic learning algorithm for optimizing models with respect to BPR-Opt. The learning method is based on stochastic gradient descent with bootstrap sampling. We show how to apply our method to two state-of-the-art recommender models: matrix factorization and adaptive kNN. Our experiments indicate that for the task of personalized ranking our optimization method outperforms the standard learning techniques for MF and kNN. The results show the importance of optimizing models for the right criterion.",cs.IR; cs.LG; stat.ML,http://arxiv.org/abs/1205.2618v1,https://arxiv.org/pdf/1205.2618v1,"cat:cs.IR AND all:""implicit feedback""",data/raw/pdfs/1205.2618.pdf,data/processed/texts/1205.2618.txt,already_exists,extracted,36614,True
1806.02056v2,1806.02056,Learning Hierarchical Item Categories from Implicit Feedback Data for Efficient Recommendations and Browsing,Farhan Khawar; Nevin L. Zhang,2018,2018-06-06T08:25:58Z,2019-06-21T07:20:20Z,"Searching, browsing, and recommendations are common ways in which the ""choice overload"" faced by users in the online marketplace can be mitigated. In this paper we propose the use of hierarchical item categories, obtained from implicit feedback data, to enable efficient browsing and recommendations. We present a method of creating hierarchical item categories from implicit feedback data only i.e., without any other information on the items like name, genre etc. Categories created in this fashion are based on users' co-consumption of items. Thus, they can be more useful for users in finding interesting and relevant items while they are browsing through the hierarchy. We also show that this item hierarchy can be useful in making category based recommendations, which makes the recommendations more explainable and increases the diversity of the recommendations without compromising much on the accuracy. Item hierarchy can also be useful in the creation of an automatic item taxonomy skeleton by bypassing manual labeling and annotation. This can especially be useful for small vendors. Our data-driven hierarchical categories are based on hierarchical latent tree analysis (HLTA) which has been previously used for text analysis. We present a scaled up learning algorithm \emph{HLTA-Forest} so that HLTA can be applied to implicit feedback data.",cs.IR; cs.AI,http://arxiv.org/abs/1806.02056v2,https://arxiv.org/pdf/1806.02056v2,"cat:cs.IR AND all:""implicit feedback""",data/raw/pdfs/1806.02056.pdf,data/processed/texts/1806.02056.txt,already_exists,extracted,44075,False
1905.09050v2,1905.09050,Beyond Alternating Updates for Matrix Factorization with Inertial Bregman Proximal Gradient Algorithms,Mahesh Chandra Mukkamala; Peter Ochs,2019,2019-05-22T10:09:54Z,2019-12-06T12:33:13Z,"Matrix Factorization is a popular non-convex optimization problem, for which alternating minimization schemes are mostly used. They usually suffer from the major drawback that the solution is biased towards one of the optimization variables. A remedy is non-alternating schemes. However, due to a lack of Lipschitz continuity of the gradient in matrix factorization problems, convergence cannot be guaranteed. A recently developed approach relies on the concept of Bregman distances, which generalizes the standard Euclidean distance. We exploit this theory by proposing a novel Bregman distance for matrix factorization problems, which, at the same time, allows for simple/closed form update steps. Therefore, for non-alternating schemes, such as the recently introduced Bregman Proximal Gradient (BPG) method and an inertial variant Convex--Concave Inertial BPG (CoCaIn BPG), convergence of the whole sequence to a stationary point is proved for Matrix Factorization. In several experiments, we observe a superior performance of our non-alternating schemes in terms of speed and objective value at the limit point.",math.OC; cs.CV; cs.IR; stat.ML,http://arxiv.org/abs/1905.09050v2,https://arxiv.org/pdf/1905.09050v2,"cat:cs.IR AND all:""matrix factorization""",data/raw/pdfs/1905.09050.pdf,data/processed/texts/1905.09050.txt,already_exists,extracted,84182,False
2512.03807v2,2512.03807,Algorithms for Boolean Matrix Factorization using Integer Programming and Heuristics,Christos Kolomvakis; Thomas Bobille; Arnaud Vandaele; Nicolas Gillis,2025,2025-12-03T13:55:54Z,2025-12-04T08:38:45Z,"Boolean matrix factorization (BMF) approximates a given binary input matrix as the product of two smaller binary factors. Unlike binary matrix factorization based on standard arithmetic, BMF employs the Boolean OR and AND operations for the matrix product, which improves interpretability and reduces the approximation error. It is also used in role mining and computer vision. In this paper, we first propose algorithms for BMF that perform alternating optimization (AO) of the factor matrices, where each subproblem is solved via integer programming (IP). We then design different approaches to further enhance AO-based algorithms by selecting an optimal subset of rank-one factors from multiple runs. To address the scalability limits of IP-based methods, we introduce new greedy and local-search heuristics. We also construct a new C++ data structure for Boolean vectors and matrices that is significantly faster than existing ones and is of independent interest, allowing our heuristics to scale to large datasets. We illustrate the performance of all our proposed methods and compare them with the state of the art on various real datasets, both with and without missing data, including applications in topic modeling and imaging.",cs.IR; eess.SP; math.OC; stat.ML,http://arxiv.org/abs/2512.03807v2,https://arxiv.org/pdf/2512.03807v2,"cat:cs.IR AND all:""matrix factorization""",data/raw/pdfs/2512.03807.pdf,data/processed/texts/2512.03807.txt,already_exists,extracted,57970,False
2106.07347v3,2106.07347,Zipf Matrix Factorization : Matrix Factorization with Matthew Effect Reduction,Hao Wang,2021,2021-06-01T00:44:34Z,2021-08-06T01:25:28Z,"Recommender system recommends interesting items to users based on users' past information history. Researchers have been paying attention to improvement of algorithmic performance such as MAE and precision@K. Major techniques such as matrix factorization and learning to rank are optimized based on such evaluation metrics. However, the intrinsic Matthew Effect problem poses great threat to the fairness of the recommender system, and the unfairness problem cannot be resolved by optimization of traditional metrics. In this paper, we propose a novel algorithm that incorporates Matthew Effect reduction with the matrix factorization framework. We demonstrate that our approach can boost the fairness of the algorithm and enhances performance evaluated by traditional metrics.",cs.IR,http://arxiv.org/abs/2106.07347v3,https://arxiv.org/pdf/2106.07347v3,"cat:cs.IR AND all:""matrix factorization""",data/raw/pdfs/2106.07347.pdf,data/processed/texts/2106.07347.txt,already_exists,extracted,14009,False
2112.03089v1,2112.03089,MatMat: Matrix Factorization by Matrix Fitting,Hao Wang,2021,2021-12-06T14:54:01Z,2021-12-06T14:54:01Z,"Matrix factorization is a widely adopted recommender system technique that fits scalar rating values by dot products of user feature vectors and item feature vectors. However, the formulation of matrix factorization as a scalar fitting problem is not friendly to side information incorporation or multi-task learning. In this paper, we replace the scalar values of the user rating matrix by matrices, and fit the matrix values by matrix products of user feature matrix and item feature matrix. Our framework is friendly to multitask learning and side information incorporation. We use popularity data as side information in our paper in particular to enhance the performance of matrix factorization techniques. In the experiment section, we prove the competence of our method compared with other approaches using both accuracy and fairness metrics. Our framework is an ideal substitute for tensor factorization in context-aware recommendation and many other scenarios.",cs.IR,http://arxiv.org/abs/2112.03089v1,https://arxiv.org/pdf/2112.03089v1,"cat:cs.IR AND all:""matrix factorization""",data/raw/pdfs/2112.03089.pdf,data/processed/texts/2112.03089.txt,already_exists,extracted,12457,False
1804.05482v2,1804.05482,Binary Matrix Factorization via Dictionary Learning,Ignacio Ramirez,2018,2018-04-16T02:36:24Z,2018-07-26T01:13:05Z,"Matrix factorization is a key tool in data analysis; its applications include recommender systems, correlation analysis, signal processing, among others. Binary matrices are a particular case which has received significant attention for over thirty years, especially within the field of data mining. Dictionary learning refers to a family of methods for learning overcomplete basis (also called frames) in order to efficiently encode samples of a given type; this area, now also about twenty years old, was mostly developed within the signal processing field. In this work we propose two binary matrix factorization methods based on a binary adaptation of the dictionary learning paradigm to binary matrices. The proposed algorithms focus on speed and scalability; they work with binary factors combined with bit-wise operations and a few auxiliary integer ones. Furthermore, the methods are readily applicable to online binary matrix factorization. Another important issue in matrix factorization is the choice of rank for the factors; we address this model selection problem with an efficient method based on the Minimum Description Length principle. Our preliminary results show that the proposed methods are effective at producing interpretable factorizations of various data types of different nature.",stat.ML; cs.CV; cs.IR; cs.IT; cs.LG,http://arxiv.org/abs/1804.05482v2,https://arxiv.org/pdf/1804.05482v2,"cat:cs.IR AND all:""matrix factorization""",data/raw/pdfs/1804.05482.pdf,data/processed/texts/1804.05482.txt,already_exists,extracted,42368,False
2004.04256v1,2004.04256,Federated Multi-view Matrix Factorization for Personalized Recommendations,Adrian Flanagan; Were Oyomno; Alexander Grigorievskiy; Kuan Eeik Tan; Suleiman A. Khan; Muhammad Ammad-Ud-Din,2020,2020-04-08T21:07:50Z,2020-04-08T21:07:50Z,"We introduce the federated multi-view matrix factorization method that extends the federated learning framework to matrix factorization with multiple data sources. Our method is able to learn the multi-view model without transferring the user's personal data to a central server. As far as we are aware this is the first federated model to provide recommendations using multi-view matrix factorization. The model is rigorously evaluated on three datasets on production settings. Empirical validation confirms that federated multi-view matrix factorization outperforms simpler methods that do not take into account the multi-view structure of the data, in addition, it demonstrates the usefulness of the proposed method for the challenging prediction tasks of cold-start federated recommendations.",cs.LG; cs.IR; stat.ML,http://arxiv.org/abs/2004.04256v1,https://arxiv.org/pdf/2004.04256v1,"cat:cs.IR AND all:""matrix factorization""",data/raw/pdfs/2004.04256.pdf,data/processed/texts/2004.04256.txt,already_exists,extracted,48386,False
2204.13016v1,2204.13016,RankMat : Matrix Factorization with Calibrated Distributed Embedding and Fairness Enhancement,Hao Wang,2022,2022-04-27T15:42:18Z,2022-04-27T15:42:18Z,"Matrix Factorization is a widely adopted technique in the field of recommender system. Matrix Factorization techniques range from SVD, LDA, pLSA, SVD++, MatRec, Zipf Matrix Factorization and Item2Vec. In recent years, distributed word embeddings have inspired innovation in the area of recommender systems. Word2vec and GloVe have been especially emphasized in many industrial application scenario such as Xiaomi's recommender system. In this paper, we propose a new matrix factorization inspired by the theory of power law and GloVe. Instead of the exponential nature of GloVe model, we take advantage of Pareto Distribution to model our loss function. Our method is explainable in theory and easy-to-implement in practice. In the experiment section, we prove our approach is superior to vanilla matrix factorization technique and comparable with GloVe-based model in both accuracy and fairness metrics.",cs.IR,http://arxiv.org/abs/2204.13016v1,https://arxiv.org/pdf/2204.13016v1,"cat:cs.IR AND all:""matrix factorization""",data/raw/pdfs/2204.13016.pdf,data/processed/texts/2204.13016.txt,already_exists,extracted,11469,False
1801.01708v1,1801.01708,Negative Binomial Matrix Factorization for Recommender Systems,Olivier Gouvert; Thomas Oberlin; Cédric Févotte,2018,2018-01-05T11:00:46Z,2018-01-05T11:00:46Z,"We introduce negative binomial matrix factorization (NBMF), a matrix factorization technique specially designed for analyzing over-dispersed count data. It can be viewed as an extension of Poisson matrix factorization (PF) perturbed by a multiplicative term which models exposure. This term brings a degree of freedom for controlling the dispersion, making NBMF more robust to outliers. We show that NBMF allows to skip traditional pre-processing stages, such as binarization, which lead to loss of information. Two estimation approaches are presented: maximum likelihood and variational Bayes inference. We test our model with a recommendation task and show its ability to predict user tastes with better precision than PF.",cs.LG; cs.IR; stat.ML,http://arxiv.org/abs/1801.01708v1,https://arxiv.org/pdf/1801.01708v1,"cat:cs.IR AND all:""matrix factorization""",data/raw/pdfs/1801.01708.pdf,data/processed/texts/1801.01708.txt,already_exists,extracted,29051,False
1405.0770v1,1405.0770,Attributes Coupling based Item Enhanced Matrix Factorization Technique for Recommender Systems,Yonghong Yu; Can Wang; Yang Gao,2014,2014-05-05T02:36:52Z,2014-05-05T02:36:52Z,"Recommender system has attracted lots of attentions since it helps users alleviate the information overload problem. Matrix factorization technique is one of the most widely employed collaborative filtering techniques in the research of recommender systems due to its effectiveness and efficiency in dealing with very large user-item rating matrices. Recently, based on the intuition that additional information provides useful insights for matrix factorization techniques, several recommendation algorithms have utilized additional information to improve the performance of matrix factorization methods. However, the majority focus on dealing with the cold start user problem and ignore the cold start item problem. In addition, there are few suitable similarity measures for these content enhanced matrix factorization approaches to compute the similarity between categorical items. In this paper, we propose attributes coupling based item enhanced matrix factorization method by incorporating item attribute information into matrix factorization technique as well as adapting the coupled object similarity to capture the relationship between items. Item attribute information is formed as an item relationship regularization term to regularize the process of matrix factorization. Specifically, the similarity between items is measured by the Coupled Object Similarity considering coupling between items. Experimental results on two real data sets show that our proposed method outperforms state-of-the-art recommendation algorithms and can effectively cope with the cold start item problem when more item attribute information is available.",cs.IR,http://arxiv.org/abs/1405.0770v1,https://arxiv.org/pdf/1405.0770v1,"cat:cs.IR AND all:""matrix factorization""",data/raw/pdfs/1405.0770.pdf,data/processed/texts/1405.0770.txt,already_exists,extracted,61465,False
1109.2271v3,1109.2271,Feature-Based Matrix Factorization,Tianqi Chen; Zhao Zheng; Qiuxia Lu; Weinan Zhang; Yong Yu,2011,2011-09-11T01:10:06Z,2011-12-29T02:05:01Z,"Recommender system has been more and more popular and widely used in many applications recently. The increasing information available, not only in quantities but also in types, leads to a big challenge for recommender system that how to leverage these rich information to get a better performance. Most traditional approaches try to design a specific model for each scenario, which demands great efforts in developing and modifying models. In this technical report, we describe our implementation of feature-based matrix factorization. This model is an abstract of many variants of matrix factorization models, and new types of information can be utilized by simply defining new features, without modifying any lines of code. Using the toolkit, we built the best single model reported on track 1 of KDDCup'11.",cs.AI; cs.IR,http://arxiv.org/abs/1109.2271v3,https://arxiv.org/pdf/1109.2271v3,"cat:cs.IR AND all:""matrix factorization""",data/raw/pdfs/1109.2271.pdf,data/processed/texts/1109.2271.txt,already_exists,extracted,18804,False
1708.03797v1,1708.03797,Hybrid Deep-Semantic Matrix Factorization for Tag-Aware Personalized Recommendation,Zhenghua Xu; Cheng Chen; Thomas Lukasiewicz; Yishu Miao,2017,2017-08-12T17:06:28Z,2017-08-12T17:06:28Z,"Matrix factorization has now become a dominant solution for personalized recommendation on the Social Web. To alleviate the cold start problem, previous approaches have incorporated various additional sources of information into traditional matrix factorization models. These upgraded models, however, achieve only ""marginal"" enhancements on the performance of personalized recommendation. Therefore, inspired by the recent development of deep-semantic modeling, we propose a hybrid deep-semantic matrix factorization (HDMF) model to further improve the performance of tag-aware personalized recommendation by integrating the techniques of deep-semantic modeling, hybrid learning, and matrix factorization. Experimental results show that HDMF significantly outperforms the state-of-the-art baselines in tag-aware personalized recommendation, in terms of all evaluation metrics, e.g., its mean reciprocal rank (resp., mean average precision) is 1.52 (resp., 1.66) times as high as that of the best baseline.",cs.IR,http://arxiv.org/abs/1708.03797v1,https://arxiv.org/pdf/1708.03797v1,"cat:cs.IR AND all:""matrix factorization""",data/raw/pdfs/1708.03797.pdf,data/processed/texts/1708.03797.txt,already_exists,extracted,25114,False
1708.02867v1,1708.02867,Simulated Annealing with Levy Distribution for Fast Matrix Factorization-Based Collaborative Filtering,Mostafa A. Shehata; Mohammad Nassef; Amr A. Badr,2017,2017-08-09T15:14:54Z,2017-08-09T15:14:54Z,"Matrix factorization is one of the best approaches for collaborative filtering, because of its high accuracy in presenting users and items latent factors. The main disadvantages of matrix factorization are its complexity, and being very hard to be parallelized, specially with very large matrices. In this paper, we introduce a new method for collaborative filtering based on Matrix Factorization by combining simulated annealing with levy distribution. By using this method, good solutions are achieved in acceptable time with low computations, compared to other methods like stochastic gradient descent, alternating least squares, and weighted non-negative matrix factorization.",cs.LG; cs.IR; stat.ML,http://arxiv.org/abs/1708.02867v1,https://arxiv.org/pdf/1708.02867v1,"cat:cs.IR AND all:""matrix factorization""",data/raw/pdfs/1708.02867.pdf,data/processed/texts/1708.02867.txt,already_exists,extracted,17673,False
2410.10381v4,2410.10381,Collaborative filtering based on nonnegative/binary matrix factorization,Yukino Terui; Yuka Inoue; Yohei Hamakawa; Kosuke Tatsumura; Kazue Kudo,2024,2024-10-14T11:10:15Z,2025-07-29T09:19:23Z,"Collaborative filtering generates recommendations by exploiting user-item similarities based on rating data, which often contains numerous unrated items. To predict scores for unrated items, matrix factorization techniques such as nonnegative matrix factorization (NMF) are often employed. Nonnegative/binary matrix factorization (NBMF), which is an extension of NMF, approximates a nonnegative matrix as the product of nonnegative and binary matrices. While previous studies have applied NBMF primarily to dense data such as images, this paper proposes a modified NBMF algorithm tailored for collaborative filtering with sparse data. In the modified method, unrated entries in the rating matrix are masked, enhancing prediction accuracy. Furthermore, utilizing a low-latency Ising machine in NBMF is advantageous in terms of the computation time, making the proposed method beneficial.",cond-mat.stat-mech; cs.IR; cs.LG,http://arxiv.org/abs/2410.10381v4,https://arxiv.org/pdf/2410.10381v4,"cat:cs.IR AND all:""matrix factorization""",data/raw/pdfs/2410.10381.pdf,data/processed/texts/2410.10381.txt,already_exists,extracted,33377,False
1603.05572v5,1603.05572,Supervised Matrix Factorization for Cross-Modality Hashing,Hong Liu; Rongrong Ji; Yongjian Wu; Gang Hua,2016,2016-03-17T16:51:44Z,2016-04-16T08:51:51Z,"Matrix factorization has been recently utilized for the task of multi-modal hashing for cross-modality visual search, where basis functions are learned to map data from different modalities to the same Hamming embedding. In this paper, we propose a novel cross-modality hashing algorithm termed Supervised Matrix Factorization Hashing (SMFH) which tackles the multi-modal hashing problem with a collective non-matrix factorization across the different modalities. In particular, SMFH employs a well-designed binary code learning algorithm to preserve the similarities among multi-modal original features through a graph regularization. At the same time, semantic labels, when available, are incorporated into the learning procedure. We conjecture that all these would facilitate to preserve the most relevant information during the binary quantization process, and hence improve the retrieval accuracy. We demonstrate the superior performance of SMFH on three cross-modality visual search benchmarks, i.e., the PASCAL-Sentence, Wiki, and NUS-WIDE, with quantitative comparison to various state-of-the-art methods",cs.IR,http://arxiv.org/abs/1603.05572v5,https://arxiv.org/pdf/1603.05572v5,"cat:cs.IR AND all:""matrix factorization""",data/raw/pdfs/1603.05572.pdf,data/processed/texts/1603.05572.txt,already_exists,extracted,30759,False
1405.6223v1,1405.6223,Coupled Item-based Matrix Factorization,Fangfang Li; Guandong Xu; Longbing Cao,2014,2014-04-08T00:42:16Z,2014-04-08T00:42:16Z,"The essence of the challenges cold start and sparsity in Recommender Systems (RS) is that the extant techniques, such as Collaborative Filtering (CF) and Matrix Factorization (MF), mainly rely on the user-item rating matrix, which sometimes is not informative enough for predicting recommendations. To solve these challenges, the objective item attributes are incorporated as complementary information. However, most of the existing methods for inferring the relationships between items assume that the attributes are ""independently and identically distributed (iid)"", which does not always hold in reality. In fact, the attributes are more or less coupled with each other by some implicit relationships. Therefore, in this pa-per we propose an attribute-based coupled similarity measure to capture the implicit relationships between items. We then integrate the implicit item coupling into MF to form the Coupled Item-based Matrix Factorization (CIMF) model. Experimental results on two open data sets demonstrate that CIMF outperforms the benchmark methods.",cs.LG; cs.IR,http://arxiv.org/abs/1405.6223v1,https://arxiv.org/pdf/1405.6223v1,"cat:cs.IR AND all:""matrix factorization""",data/raw/pdfs/1405.6223.pdf,data/processed/texts/1405.6223.txt,already_exists,extracted,28828,False
2510.10440v1,2510.10440,Does Weighting Improve Matrix Factorization for Recommender Systems?,Alex Ayoub; Samuel Robertson; Dawen Liang; Harald Steck; Nathan Kallus,2025,2025-10-12T04:15:24Z,2025-10-12T04:15:24Z,"Matrix factorization is a widely used approach for top-N recommendation and collaborative filtering. When implemented on implicit feedback data (such as clicks), a common heuristic is to upweight the observed interactions. This strategy has been shown to improve performance for certain algorithms. In this paper, we conduct a systematic study of various weighting schemes and matrix factorization algorithms. Somewhat surprisingly, we find that training with unweighted data can perform comparably to, and sometimes outperform, training with weighted data, especially for large models. This observation challenges the conventional wisdom. Nevertheless, we identify cases where weighting can be beneficial, particularly for models with lower capacity and specific regularization schemes. We also derive efficient algorithms for exactly minimizing several weighted objectives that were previously considered computationally intractable. Our work provides a comprehensive analysis of the interplay between weighting, regularization, and model capacity in matrix factorization for recommender systems.",cs.IR; cs.LG; stat.ML,http://arxiv.org/abs/2510.10440v1,https://arxiv.org/pdf/2510.10440v1,"cat:cs.IR AND all:""matrix factorization""",data/raw/pdfs/2510.10440.pdf,data/processed/texts/2510.10440.txt,already_exists,extracted,40716,False
1806.07678v1,1806.07678,Optimization Matrix Factorization Recommendation Algorithm Based on Rating Centrality,Zhipeng Wu; Hui Tian; Xuzhen Zhu; Shuo Wang,2018,2018-06-20T11:56:04Z,2018-06-20T11:56:04Z,"Matrix factorization (MF) is extensively used to mine the user preference from explicit ratings in recommender systems. However, the reliability of explicit ratings is not always consistent, because many factors may affect the user's final evaluation on an item, including commercial advertising and a friend's recommendation. Therefore, mining the reliable ratings of user is critical to further improve the performance of the recommender system. In this work, we analyze the deviation degree of each rating in overall rating distribution of user and item, and propose the notion of user-based rating centrality and item-based rating centrality, respectively. Moreover, based on the rating centrality, we measure the reliability of each user rating and provide an optimized matrix factorization recommendation algorithm. Experimental results on two popular recommendation datasets reveal that our method gets better performance compared with other matrix factorization recommendation algorithms, especially on sparse datasets.",cs.IR,http://arxiv.org/abs/1806.07678v1,https://arxiv.org/pdf/1806.07678v1,"cat:cs.IR AND all:""matrix factorization""",data/raw/pdfs/1806.07678.pdf,data/processed/texts/1806.07678.txt,already_exists,extracted,22287,False
2006.03481v6,2006.03481,Providing reliability in Recommender Systems through Bernoulli Matrix Factorization,Fernando Ortega; Raúl Lara-Cabrera; Ángel González-Prieto; Jesús Bobadilla,2020,2020-06-05T14:24:27Z,2022-03-04T12:51:36Z,"Beyond accuracy, quality measures are gaining importance in modern recommender systems, with reliability being one of the most important indicators in the context of collaborative filtering. This paper proposes Bernoulli Matrix Factorization (BeMF), which is a matrix factorization model, to provide both prediction values and reliability values. BeMF is a very innovative approach from several perspectives: a) it acts on model-based collaborative filtering rather than on memory-based filtering, b) it does not use external methods or extended architectures, such as existing solutions, to provide reliability, c) it is based on a classification-based model instead of traditional regression-based models, and d) matrix factorization formalism is supported by the Bernoulli distribution to exploit the binary nature of the designed classification model. The experimental results show that the more reliable a prediction is, the less liable it is to be wrong: recommendation quality improves after the most reliable predictions are selected. State-of-the-art quality measures for reliability have been tested, which shows that BeMF outperforms previous baseline methods and models.",cs.LG; cs.IR; stat.ML,http://arxiv.org/abs/2006.03481v6,https://arxiv.org/pdf/2006.03481v6,"cat:cs.IR AND all:""matrix factorization""",data/raw/pdfs/2006.03481.pdf,data/processed/texts/2006.03481.txt,already_exists,extracted,57329,False
1802.04606v2,1802.04606,Metric Factorization: Recommendation beyond Matrix Factorization,Shuai Zhang; Lina Yao; Yi Tay; Xiwei Xu; Xiang Zhang; Liming Zhu,2018,2018-02-13T13:19:42Z,2018-06-04T04:56:27Z,"In the past decade, matrix factorization has been extensively researched and has become one of the most popular techniques for personalized recommendations. Nevertheless, the dot product adopted in matrix factorization based recommender models does not satisfy the inequality property, which may limit their expressiveness and lead to sub-optimal solutions. To overcome this problem, we propose a novel recommender technique dubbed as {\em Metric Factorization}. We assume that users and items can be placed in a low dimensional space and their explicit closeness can be measured using Euclidean distance which satisfies the inequality property. To demonstrate its effectiveness, we further designed two variants of metric factorization with one for rating estimation and the other for personalized item ranking. Extensive experiments on a number of real-world datasets show that our approach outperforms existing state-of-the-art by a large margin on both rating prediction and item ranking tasks.",cs.IR,http://arxiv.org/abs/1802.04606v2,https://arxiv.org/pdf/1802.04606v2,"cat:cs.IR AND all:""matrix factorization""",data/raw/pdfs/1802.04606.pdf,data/processed/texts/1802.04606.txt,already_exists,extracted,53150,False
2201.13324v1,2201.13324,Guided Semi-Supervised Non-negative Matrix Factorization on Legal Documents,Pengyu Li; Christine Tseng; Yaxuan Zheng; Joyce A. Chew; Longxiu Huang; Benjamin Jarman; Deanna Needell,2022,2022-01-31T16:21:51Z,2022-01-31T16:21:51Z,"Classification and topic modeling are popular techniques in machine learning that extract information from large-scale datasets. By incorporating a priori information such as labels or important features, methods have been developed to perform classification and topic modeling tasks; however, most methods that can perform both do not allow for guidance of the topics or features. In this paper, we propose a method, namely Guided Semi-Supervised Non-negative Matrix Factorization (GSSNMF), that performs both classification and topic modeling by incorporating supervision from both pre-assigned document class labels and user-designed seed words. We test the performance of this method through its application to legal documents provided by the California Innocence Project, a nonprofit that works to free innocent convicted persons and reform the justice system. The results show that our proposed method improves both classification accuracy and topic coherence in comparison to past methods like Semi-Supervised Non-negative Matrix Factorization (SSNMF) and Guided Non-negative Matrix Factorization (Guided NMF).",cs.LG; cs.IR; stat.ML,http://arxiv.org/abs/2201.13324v1,https://arxiv.org/pdf/2201.13324v1,"cat:cs.IR AND all:""matrix factorization""",data/raw/pdfs/2201.13324.pdf,data/processed/texts/2201.13324.txt,already_exists,extracted,28240,False
2005.11467v1,2005.11467,Joint Training Capsule Network for Cold Start Recommendation,Tingting Liang; Congying Xia; Yuyu Yin; Philip S. Yu,2020,2020-05-23T04:27:38Z,2020-05-23T04:27:38Z,"This paper proposes a novel neural network, joint training capsule network (JTCN), for the cold start recommendation task. We propose to mimic the high-level user preference other than the raw interaction history based on the side information for the fresh users. Specifically, an attentive capsule layer is proposed to aggregate high-level user preference from the low-level interaction history via a dynamic routing-by-agreement mechanism. Moreover, JTCN jointly trains the loss for mimicking the user preference and the softmax loss for the recommendation together in an end-to-end manner. Experiments on two publicly available datasets demonstrate the effectiveness of the proposed model. JTCN improves other state-of-the-art methods at least 7.07% for CiteULike and 16.85% for Amazon in terms of Recall@100 in cold start recommendation.",cs.IR; cs.LG,http://arxiv.org/abs/2005.11467v1,https://arxiv.org/pdf/2005.11467v1,"cat:cs.IR AND all:""cold start recommendation""",data/raw/pdfs/2005.11467.pdf,data/processed/texts/2005.11467.txt,already_exists,extracted,20663,False
2105.14975v1,2105.14975,Privileged Graph Distillation for Cold Start Recommendation,Shuai Wang; Kun Zhang; Le Wu; Haiping Ma; Richang Hong; Meng Wang,2021,2021-05-31T14:05:27Z,2021-05-31T14:05:27Z,"The cold start problem in recommender systems is a long-standing challenge, which requires recommending to new users (items) based on attributes without any historical interaction records. In these recommendation systems, warm users (items) have privileged collaborative signals of interaction records compared to cold start users (items), and these Collaborative Filtering (CF) signals are shown to have competing performance for recommendation. Many researchers proposed to learn the correlation between collaborative signal embedding space and the attribute embedding space to improve the cold start recommendation, in which user and item categorical attributes are available in many online platforms. However, the cold start recommendation is still limited by two embedding spaces modeling and simple assumptions of space transformation. As user-item interaction behaviors and user (item) attributes naturally form a heterogeneous graph structure, in this paper, we propose a privileged graph distillation model~(PGD). The teacher model is composed of a heterogeneous graph structure for warm users and items with privileged CF links. The student model is composed of an entity-attribute graph without CF links. Specifically, the teacher model can learn better embeddings of each entity by injecting complex higher-order relationships from the constructed heterogeneous graph. The student model can learn the distilled output with privileged CF embeddings from the teacher embeddings. Our proposed model is generally applicable to different cold start scenarios with new user, new item, or new user-new item. Finally, extensive experimental results on the real-world datasets clearly show the effectiveness of our proposed model on different types of cold start problems, with average $6.6\%, 5.6\%, $ and $17.1\%$ improvement over state-of-the-art baselines on three datasets, respectively.",cs.IR; cs.LG,http://arxiv.org/abs/2105.14975v1,https://arxiv.org/pdf/2105.14975v1,"cat:cs.IR AND all:""cold start recommendation""",data/raw/pdfs/2105.14975.pdf,data/processed/texts/2105.14975.txt,already_exists,extracted,49422,False
2201.10711v3,2201.10711,Sparsity Regularization For Cold-Start Recommendation,Aksheshkumar Ajaykumar Shah; Hemanth Venkateswara,2022,2022-01-26T02:28:08Z,2022-01-28T17:42:41Z,"Recently, Generative Adversarial Networks (GANs) have been applied to the problem of Cold-Start Recommendation, but the training performance of these models is hampered by the extreme sparsity in warm user purchase behavior. In this paper we introduce a novel representation for user-vectors by combining user demographics and user preferences, making the model a hybrid system which uses Collaborative Filtering and Content Based Recommendation. Our system models user purchase behavior using weighted user-product preferences (explicit feedback) rather than binary user-product interactions (implicit feedback). Using this we develop a novel sparse adversarial model, SRLGAN, for Cold-Start Recommendation leveraging the sparse user-purchase behavior which ensures training stability and avoids over-fitting on warm users. We evaluate the SRLGAN on two popular datasets and demonstrate state-of-the-art results.",cs.IR; cs.LG,http://arxiv.org/abs/2201.10711v3,https://arxiv.org/pdf/2201.10711v3,"cat:cs.IR AND all:""cold start recommendation""",data/raw/pdfs/2201.10711.pdf,data/processed/texts/2201.10711.txt,already_exists,extracted,27575,False
1210.0065v2,1210.0065,Granular association rule mining through parametric rough sets for cold start recommendation,Fan Min; William Zhu,2012,2012-09-29T01:19:33Z,2013-07-15T11:53:43Z,"Granular association rules reveal patterns hide in many-to-many relationships which are common in relational databases. In recommender systems, these rules are appropriate for cold start recommendation, where a customer or a product has just entered the system. An example of such rules might be ""40% men like at least 30% kinds of alcohol; 45% customers are men and 6% products are alcohol."" Mining such rules is a challenging problem due to pattern explosion. In this paper, we propose a new type of parametric rough sets on two universes to study this problem. The model is deliberately defined such that the parameter corresponds to one threshold of rules. With the lower approximation operator in the new parametric rough sets, a backward algorithm is designed for the rule mining problem. Experiments on two real world data sets show that the new algorithm is significantly faster than the existing sandwich algorithm. This study indicates a new application area, namely recommender systems, of relational data mining, granular computing and rough sets.",cs.DB; cs.IR,http://arxiv.org/abs/1210.0065v2,https://arxiv.org/pdf/1210.0065v2,"cat:cs.IR AND all:""cold start recommendation""",,,failed,missing_pdf,0,False
2307.02761v1,2307.02761,Cross-Modal Content Inference and Feature Enrichment for Cold-Start Recommendation,Haokai Ma; Zhuang Qi; Xinxin Dong; Xiangxian Li; Yuze Zheng; Xiangxu Mengand Lei Meng,2023,2023-07-06T03:54:19Z,2023-07-06T03:54:19Z,"Multimedia recommendation aims to fuse the multi-modal information of items for feature enrichment to improve the recommendation performance. However, existing methods typically introduce multi-modal information based on collaborative information to improve the overall recommendation precision, while failing to explore its cold-start recommendation performance. Meanwhile, these above methods are only applicable when such multi-modal data is available. To address this problem, this paper proposes a recommendation framework, named Cross-modal Content Inference and Feature Enrichment Recommendation (CIERec), which exploits the multi-modal information to improve its cold-start recommendation performance. Specifically, CIERec first introduces image annotation as the privileged information to help guide the mapping of unified features from the visual space to the semantic space in the training phase. And then CIERec enriches the content representation with the fusion of collaborative, visual, and cross-modal inferred representations, so as to improve its cold-start recommendation performance. Experimental results on two real-world datasets show that the content representations learned by CIERec are able to achieve superior cold-start recommendation performance over existing visually-aware recommendation algorithms. More importantly, CIERec can consistently achieve significant improvements with different conventional visually-aware backbones, which verifies its universality and effectiveness.",cs.IR,http://arxiv.org/abs/2307.02761v1,https://arxiv.org/pdf/2307.02761v1,"cat:cs.IR AND all:""cold start recommendation""",data/raw/pdfs/2307.02761.pdf,data/processed/texts/2307.02761.txt,already_exists,extracted,33296,False
2502.03664v1,2502.03664,Contrastive Learning for Cold Start Recommendation with Adaptive Feature Fusion,Jiacheng Hu; Tai An; Zidong Yu; Junliang Du; Yuanshuai Luo,2025,2025-02-05T23:15:31Z,2025-02-05T23:15:31Z,"This paper proposes a cold start recommendation model that integrates contrastive learning, aiming to solve the problem of performance degradation of recommendation systems in cold start scenarios due to the scarcity of user and item interaction data. The model dynamically adjusts the weights of key features through an adaptive feature selection module and effectively integrates user attributes, item meta-information, and contextual features by combining a multimodal feature fusion mechanism, thereby improving recommendation performance. In addition, the model introduces a contrastive learning mechanism to enhance the robustness and generalization ability of feature representation by constructing positive and negative sample pairs. Experiments are conducted on the MovieLens-1M dataset. The results show that the proposed model significantly outperforms mainstream recommendation methods such as Matrix Factorization, LightGBM, DeepFM, and AutoRec in terms of HR, NDCG, MRR, and Recall, especially in cold start scenarios. Ablation experiments further verify the key role of each module in improving model performance, and the learning rate sensitivity analysis shows that a moderate learning rate is crucial to the optimization effect of the model. This study not only provides a new solution to the cold start problem but also provides an important reference for the application of contrastive learning in recommendation systems. In the future, this model is expected to play a role in a wider range of scenarios, such as real-time recommendation and cross-domain recommendation.",cs.IR; cs.LG,http://arxiv.org/abs/2502.03664v1,https://arxiv.org/pdf/2502.03664v1,"cat:cs.IR AND all:""cold start recommendation""",data/raw/pdfs/2502.03664.pdf,data/processed/texts/2502.03664.txt,already_exists,extracted,21516,False
2106.03819v1,2106.03819,A Semi-Personalized System for User Cold Start Recommendation on Music Streaming Apps,Léa Briand; Guillaume Salha-Galvan; Walid Bendada; Mathieu Morlon; Viet-Anh Tran,2021,2021-06-07T17:35:44Z,2021-06-07T17:35:44Z,"Music streaming services heavily rely on recommender systems to improve their users' experience, by helping them navigate through a large musical catalog and discover new songs, albums or artists. However, recommending relevant and personalized content to new users, with few to no interactions with the catalog, is challenging. This is commonly referred to as the user cold start problem. In this applied paper, we present the system recently deployed on the music streaming service Deezer to address this problem. The solution leverages a semi-personalized recommendation strategy, based on a deep neural network architecture and on a clustering of users from heterogeneous sources of information. We extensively show the practical impact of this system and its effectiveness at predicting the future musical preferences of cold start users on Deezer, through both offline and online large-scale experiments. Besides, we publicly release our code as well as anonymized usage data from our experiments. We hope that this release of industrial resources will benefit future research on user cold start recommendation.",cs.IR; cs.LG,http://arxiv.org/abs/2106.03819v1,https://arxiv.org/pdf/2106.03819v1,"cat:cs.IR AND all:""cold start recommendation""",data/raw/pdfs/2106.03819.pdf,data/processed/texts/2106.03819.txt,already_exists,extracted,45498,False
2406.07420v1,2406.07420,Graph Reasoning for Explainable Cold Start Recommendation,Jibril Frej; Marta Knezevic; Tanja Kaser,2024,2024-06-11T16:21:57Z,2024-06-11T16:21:57Z,"The cold start problem, where new users or items have no interaction history, remains a critical challenge in recommender systems (RS). A common solution involves using Knowledge Graphs (KG) to train entity embeddings or Graph Neural Networks (GNNs). Since KGs incorporate auxiliary data and not just user/item interactions, these methods can make relevant recommendations for cold users or items. Graph Reasoning (GR) methods, however, find paths from users to items to recommend using relations in the KG and, in the context of RS, have been used for interpretability. In this study, we propose GRECS: a framework for adapting GR to cold start recommendations. By utilizing explicit paths starting for users rather than relying only on entity embeddings, GRECS can find items corresponding to users' preferences by navigating the graph, even when limited information about users is available. Our experiments show that GRECS mitigates the cold start problem and outperforms competitive baselines across 5 standard datasets while being explainable. This study highlights the potential of GR for developing explainable recommender systems better suited for managing cold users and items.",cs.IR,http://arxiv.org/abs/2406.07420v1,https://arxiv.org/pdf/2406.07420v1,"cat:cs.IR AND all:""cold start recommendation""",data/raw/pdfs/2406.07420.pdf,data/processed/texts/2406.07420.txt,already_exists,extracted,40224,False
2410.14241v1,2410.14241,Graph Neural Patching for Cold-Start Recommendations,Hao Chen; Yu Yang; Yuanchen Bei; Zefan Wang; Yue Xu; Feiran Huang,2024,2024-10-18T07:44:12Z,2024-10-18T07:44:12Z,"The cold start problem in recommender systems remains a critical challenge. Current solutions often train hybrid models on auxiliary data for both cold and warm users/items, potentially degrading the experience for the latter. This drawback limits their viability in practical scenarios where the satisfaction of existing warm users/items is paramount. Although graph neural networks (GNNs) excel at warm recommendations by effective collaborative signal modeling, they haven't been effectively leveraged for the cold-start issue within a user-item graph, which is largely due to the lack of initial connections for cold user/item entities. Addressing this requires a GNN adept at cold-start recommendations without sacrificing performance for existing ones. To this end, we introduce Graph Neural Patching for Cold-Start Recommendations (GNP), a customized GNN framework with dual functionalities: GWarmer for modeling collaborative signal on existing warm users/items and Patching Networks for simulating and enhancing GWarmer's performance on cold-start recommendations. Extensive experiments on three benchmark datasets confirm GNP's superiority in recommending both warm and cold users/items.",cs.IR,http://arxiv.org/abs/2410.14241v1,https://arxiv.org/pdf/2410.14241v1,"cat:cs.IR AND all:""cold start recommendation""",data/raw/pdfs/2410.14241.pdf,data/processed/texts/2410.14241.txt,already_exists,extracted,28439,False
1809.00366v2,1809.00366,Cold-start recommendations in Collective Matrix Factorization,David Cortes,2018,2018-09-02T16:24:38Z,2020-03-16T15:07:38Z,"This work explores the ability of collective matrix factorization models in recommender systems to make predictions about users and items for which there is side information available but no feedback or interactions data, and proposes a new formulation with a faster cold-start prediction formula that can be used in real-time systems. While these cold-start recommendations are not as good as warm-start ones, they were found to be of better quality than non-personalized recommendations, and predictions about new users were found to be more reliable than those about new items. The formulation proposed here resulted in improved cold-start recommendations in many scenarios, at the expense of worse warm-start ones.",cs.IR; cs.LG; stat.ML,http://arxiv.org/abs/1809.00366v2,https://arxiv.org/pdf/1809.00366v2,"cat:cs.IR AND all:""cold start recommendation""",data/raw/pdfs/1809.00366.pdf,data/processed/texts/1809.00366.txt,already_exists,extracted,24835,False
2108.02344v1,2108.02344,LHRM: A LBS based Heterogeneous Relations Model for User Cold Start Recommendation in Online Travel Platform,Ziyi Wang; Wendong Xiao; Yu Li; Zulong Chen; Zhi Jiang,2021,2021-08-05T03:00:38Z,2021-08-05T03:00:38Z,"Most current recommender systems used the historical behaviour data of user to predict user' preference. However, it is difficult to recommend items to new users accurately. To alleviate this problem, existing user cold start methods either apply deep learning to build a cross-domain recommender system or map user attributes into the space of user behaviour. These methods are more challenging when applied to online travel platform (e.g., Fliggy), because it is hard to find a cross-domain that user has similar behaviour with travel scenarios and the Location Based Services (LBS) information of users have not been paid sufficient attention. In this work, we propose a LBS-based Heterogeneous Relations Model (LHRM) for user cold start recommendation, which utilizes user's LBS information and behaviour information in related domains and user's behaviour information in travel platforms (e.g., Fliggy) to construct the heterogeneous relations between users and items. Moreover, an attention-based multi-layer perceptron is applied to extract latent factors of users and items. Through this way, LHRM has better generalization performance than existing methods. Experimental results on real data from Fliggy's offline log illustrate the effectiveness of LHRM.",cs.IR,http://arxiv.org/abs/2108.02344v1,https://arxiv.org/pdf/2108.02344v1,"cat:cs.IR AND all:""cold start recommendation""",data/raw/pdfs/2108.02344.pdf,data/processed/texts/2108.02344.txt,already_exists,extracted,21010,False
2112.02275v4,2112.02275,A Multi-Strategy based Pre-Training Method for Cold-Start Recommendation,Bowen Hao; Hongzhi Yin; Jing Zhang; Cuiping Li; Hong Chen,2021,2021-12-04T08:11:55Z,2022-05-22T00:02:15Z,"Cold-start problem is a fundamental challenge for recommendation tasks. The recent self-supervised learning (SSL) on Graph Neural Networks (GNNs) model, PT-GNN, pre-trains the GNN model to reconstruct the cold-start embeddings and has shown great potential for cold-start recommendation. However, due to the over-smoothing problem, PT-GNN can only capture up to 3-order relation, which can not provide much useful auxiliary information to depict the target cold-start user or item. Besides, the embedding reconstruction task only considers the intra-correlations within the subgraph of users and items, while ignoring the inter-correlations across different subgraphs. To solve the above challenges, we propose a multi-strategy based pre-training method for cold-start recommendation (MPT), which extends PT-GNN from the perspective of model architecture and pretext tasks to improve the cold-start recommendation performance. Specifically, in terms of the model architecture, in addition to the short-range dependencies of users and items captured by the GNN encoder, we introduce a Transformer encoder to capture long-range dependencies. In terms of the pretext task, in addition to considering the intra-correlations of users and items by the embedding reconstruction task, we add embedding contrastive learning task to capture inter-correlations of users and items. We train the GNN and Transformer encoders on these pretext tasks under the meta-learning setting to simulate the real cold-start scenario, making the model easily and rapidly being adapted to new cold-start users and items. Experiments on three public recommendation datasets show the superiority of the proposed MPT model against the vanilla GNN models, the pre-training GNN model on user/item embedding inference and the recommendation task.",cs.IR; cs.AI,http://arxiv.org/abs/2112.02275v4,https://arxiv.org/pdf/2112.02275v4,"cat:cs.IR AND all:""cold start recommendation""",data/raw/pdfs/2112.02275.pdf,data/processed/texts/2112.02275.txt,already_exists,extracted,70777,False
2404.13298v3,2404.13298,MARec: Metadata Alignment for cold-start Recommendation,Julien Monteil; Volodymyr Vaskovych; Wentao Lu; Anirban Majumder; Anton van den Hengel,2024,2024-04-20T07:04:46Z,2024-12-10T19:40:49Z,"For many recommender systems, the primary data source is a historical record of user clicks. The associated click matrix is often very sparse, as the number of users x products can be far larger than the number of clicks. Such sparsity is accentuated in cold-start settings, which makes the efficient use of metadata information of paramount importance. In this work, we propose a simple approach to address cold-start recommendations by leveraging content metadata, Metadata Alignment for cold-start Recommendation. We show that this approach can readily augment existing matrix factorization and autoencoder approaches, enabling a smooth transition to top performing algorithms in warmer set-ups. Our experimental results indicate three separate contributions: first, we show that our proposed framework largely beats SOTA results on 4 cold-start datasets with different sparsity and scale characteristics, with gains ranging from +8.4% to +53.8% on reported ranking metrics; second, we provide an ablation study on the utility of semantic features, and proves the additional gain obtained by leveraging such features ranges between +46.8% and +105.5%; and third, our approach is by construction highly competitive in warm set-ups, and we propose a closed-form solution outperformed by SOTA results by only 0.8% on average.",cs.IR; eess.SY,http://arxiv.org/abs/2404.13298v3,https://arxiv.org/pdf/2404.13298v3,"cat:cs.IR AND all:""cold start recommendation""",data/raw/pdfs/2404.13298.pdf,data/processed/texts/2404.13298.txt,already_exists,extracted,49167,False
1305.1372v1,1305.1372,Cold-start recommendation through granular association rules,Fan Min; William Zhu,2013,2013-05-07T01:08:27Z,2013-05-07T01:08:27Z,"Recommender systems are popular in e-commerce as they suggest items of interest to users. Researchers have addressed the cold-start problem where either the user or the item is new. However, the situation with both new user and new item has seldom been considered. In this paper, we propose a cold-start recommendation approach to this situation based on granular association rules. Specifically, we provide a means for describing users and items through information granules, a means for generating association rules between users and items, and a means for recommending items to users using these rules. Experiments are undertaken on a publicly available dataset MovieLens. Results indicate that rule sets perform similarly on the training and the testing sets, and the appropriate setting of granule is essential to the application of granular association rules.",cs.IR,http://arxiv.org/abs/1305.1372v1,https://arxiv.org/pdf/1305.1372v1,"cat:cs.IR AND all:""cold start recommendation""",data/raw/pdfs/1305.1372.pdf,data/processed/texts/1305.1372.txt,already_exists,extracted,16186,False
2208.05716v2,2208.05716,Task Aligned Meta-learning based Augmented Graph for Cold-Start Recommendation,Yuxiang Shi; Yue Ding; Bo Chen; Yuyang Huang; Yule Wang; Ruiming Tang; Dong Wang,2022,2022-08-11T09:25:01Z,2024-05-04T15:25:46Z,"The cold-start problem is a long-standing challenge in recommender systems due to the lack of user-item interactions, which significantly hurts the recommendation effect over new users and items. Recently, meta-learning based methods attempt to learn globally shared prior knowledge across all users, which can be rapidly adapted to new users and items with very few interactions. Though with significant performance improvement, the globally shared parameter may lead to local optimum. Besides, they are oblivious to the inherent information and feature interactions existing in the new users and items, which are critical in cold-start scenarios. In this paper, we propose a Task aligned Meta-learning based Augmented Graph (TMAG) to address cold-start recommendation. Specifically, a fine-grained task aligned constructor is proposed to cluster similar users and divide tasks for meta-learning, enabling consistent optimization direction. Besides, an augmented graph neural network with two graph enhanced approaches is designed to alleviate data sparsity and capture the high-order user-item interactions. We validate our approach on three real-world datasets in various cold-start scenarios, showing the superiority of TMAG over state-of-the-art methods for cold-start recommendation.",cs.IR,http://arxiv.org/abs/2208.05716v2,https://arxiv.org/pdf/2208.05716v2,"cat:cs.IR AND all:""cold start recommendation""",data/raw/pdfs/2208.05716.pdf,data/processed/texts/2208.05716.txt,already_exists,extracted,50528,False
2112.03667v1,2112.03667,Cross-domain User Preference Learning for Cold-start Recommendation,Huiling Zhou; Jie Liu; Zhikang Li; Jin Yu; Hongxia Yang,2021,2021-12-07T12:57:05Z,2021-12-07T12:57:05Z,"Cross-domain cold-start recommendation is an increasingly emerging issue for recommender systems. Existing works mainly focus on solving either cross-domain user recommendation or cold-start content recommendation. However, when a new domain evolves at its early stage, it has potential users similar to the source domain but with much fewer interactions. It is critical to learn a user's preference from the source domain and transfer it into the target domain, especially on the newly arriving contents with limited user feedback. To bridge this gap, we propose a self-trained Cross-dOmain User Preference LEarning (COUPLE) framework, targeting cold-start recommendation with various semantic tags, such as attributes of items or genres of videos. More specifically, we consider three levels of preferences, including user history, user content and user group to provide reliable recommendation. With user history represented by a domain-aware sequential model, a frequency encoder is applied to the underlying tags for user content preference learning. Then, a hierarchical memory tree with orthogonal node representation is proposed to further generalize user group preference across domains. The whole framework updates in a contrastive way with a First-In-First-Out (FIFO) queue to obtain more distinctive representations. Extensive experiments on two datasets demonstrate the efficiency of COUPLE in both user and content cold-start situations. By deploying an online A/B test for a week, we show that the Click-Through-Rate (CTR) of COUPLE is superior to other baselines used on Taobao APP. Now the method is serving online for the cross-domain cold micro-video recommendation.",cs.IR; cs.LG,http://arxiv.org/abs/2112.03667v1,https://arxiv.org/pdf/2112.03667v1,"cat:cs.IR AND all:""cold start recommendation""",data/raw/pdfs/2112.03667.pdf,data/processed/texts/2112.03667.txt,already_exists,extracted,42348,False
2306.17256v5,2306.17256,Could Small Language Models Serve as Recommenders? Towards Data-centric Cold-start Recommendations,Xuansheng Wu; Huachi Zhou; Yucheng Shi; Wenlin Yao; Xiao Huang; Ninghao Liu,2023,2023-06-29T18:50:12Z,2024-03-04T21:14:01Z,"Recommendation systems help users find matched items based on their previous behaviors. Personalized recommendation becomes challenging in the absence of historical user-item interactions, a practical problem for startups known as the system cold-start recommendation. While existing research addresses cold-start issues for either users or items, we still lack solutions for system cold-start scenarios. To tackle the problem, we propose PromptRec, a simple but effective approach based on in-context learning of language models, where we transform the recommendation task into the sentiment analysis task on natural language containing user and item profiles. However, this naive approach heavily relies on the strong in-context learning ability emerged from large language models, which could suffer from significant latency for online recommendations. To solve the challenge, we propose to enhance small language models for recommender systems with a data-centric pipeline, which consists of: (1) constructing a refined corpus for model pre-training; (2) constructing a decomposed prompt template via prompt pre-training. They correspond to the development of training data and inference data, respectively. The pipeline is supported by a theoretical framework that formalizes the connection between in-context recommendation and language modeling. To evaluate our approach, we introduce a cold-start recommendation benchmark, and the results demonstrate that the enhanced small language models can achieve comparable cold-start recommendation performance to that of large models with only $17\%$ of the inference time. To the best of our knowledge, this is the first study to tackle the system cold-start recommendation problem. We believe our findings will provide valuable insights for future works. The benchmark and implementations are available at https://github.com/JacksonWuxs/PromptRec.",cs.IR; cs.AI; cs.CL; cs.SI,http://arxiv.org/abs/2306.17256v5,https://arxiv.org/pdf/2306.17256v5,"cat:cs.IR AND all:""cold start recommendation""",data/raw/pdfs/2306.17256.pdf,data/processed/texts/2306.17256.txt,already_exists,extracted,47636,False
2302.14640v2,2302.14640,Meta-Learning with Adaptive Weighted Loss for Imbalanced Cold-Start Recommendation,Minchang Kim; Yongjin Yang; Jung Hyun Ryu; Taesup Kim,2023,2023-02-28T15:18:42Z,2023-08-21T08:37:37Z,"Sequential recommenders have made great strides in capturing a user's preferences. Nevertheless, the cold-start recommendation remains a fundamental challenge as they typically involve limited user-item interactions for personalization. Recently, gradient-based meta-learning approaches have emerged in the sequential recommendation field due to their fast adaptation and easy-to-integrate abilities. The meta-learning algorithms formulate the cold-start recommendation as a few-shot learning problem, where each user is represented as a task to be adapted. While meta-learning algorithms generally assume that task-wise samples are evenly distributed over classes or values, user-item interactions in real-world applications do not conform to such a distribution (e.g., watching favorite videos multiple times, leaving only positive ratings without any negative ones). Consequently, imbalanced user feedback, which accounts for the majority of task training data, may dominate the user adaptation process and prevent meta-learning algorithms from learning meaningful meta-knowledge for personalized recommendations. To alleviate this limitation, we propose a novel sequential recommendation framework based on gradient-based meta-learning that captures the imbalanced rating distribution of each user and computes adaptive loss for user-specific learning. Our work is the first to tackle the impact of imbalanced ratings in cold-start sequential recommendation scenarios. Through extensive experiments conducted on real-world datasets, we demonstrate the effectiveness of our framework.",cs.IR; cs.LG,http://arxiv.org/abs/2302.14640v2,https://arxiv.org/pdf/2302.14640v2,"cat:cs.IR AND all:""cold start recommendation""",data/raw/pdfs/2302.14640.pdf,data/processed/texts/2302.14640.txt,already_exists,extracted,49913,False
2209.12215v1,2209.12215,GPatch: Patching Graph Neural Networks for Cold-Start Recommendations,Hao Chen; Zefan Wang; Yue Xu; Xiao Huang; Feiran Huang,2022,2022-09-25T13:16:39Z,2022-09-25T13:16:39Z,"Cold start is an essential and persistent problem in recommender systems. State-of-the-art solutions rely on training hybrid models for both cold-start and existing users/items, based on the auxiliary information. Such a hybrid model would compromise the performance of existing users/items, which might make these solutions not applicable in real-worlds recommender systems where the experience of existing users/items must be guaranteed. Meanwhile, graph neural networks (GNNs) have been demonstrated to perform effectively warm (non-cold-start) recommendations. However, they have never been applied to handle the cold-start problem in a user-item bipartite graph. This is a challenging but rewarding task since cold-start users/items do not have links. Besides, it is nontrivial to design an appropriate GNN to conduct cold-start recommendations while maintaining the performance for existing users/items. To bridge the gap, we propose a tailored GNN-based framework (GPatch) that contains two separate but correlated components. First, an efficient GNN architecture -- GWarmer, is designed to model the warm users/items. Second, we construct correlated Patching Networks to simulate and patch GWarmer by conducting cold-start recommendations. Experiments on benchmark and large-scale commercial datasets demonstrate that GPatch is significantly superior in providing recommendations for both existing and cold-start users/items.",cs.IR; cs.LG,http://arxiv.org/abs/2209.12215v1,https://arxiv.org/pdf/2209.12215v1,"cat:cs.IR AND all:""cold start recommendation""",data/raw/pdfs/2209.12215.pdf,data/processed/texts/2209.12215.txt,already_exists,extracted,24679,False
2502.16924v1,2502.16924,FilterLLM: Text-To-Distribution LLM for Billion-Scale Cold-Start Recommendation,Ruochen Liu; Hao Chen; Yuanchen Bei; Zheyu Zhou; Lijia Chen; Qijie Shen; Feiran Huang; Fakhri Karray; Senzhang Wang,2025,2025-02-24T07:31:14Z,2025-02-24T07:31:14Z,"Large Language Model (LLM)-based cold-start recommendation systems continue to face significant computational challenges in billion-scale scenarios, as they follow a ""Text-to-Judgment"" paradigm. This approach processes user-item content pairs as input and evaluates each pair iteratively. To maintain efficiency, existing methods rely on pre-filtering a small candidate pool of user-item pairs. However, this severely limits the inferential capabilities of LLMs by reducing their scope to only a few hundred pre-filtered candidates. To overcome this limitation, we propose a novel ""Text-to-Distribution"" paradigm, which predicts an item's interaction probability distribution for the entire user set in a single inference. Specifically, we present FilterLLM, a framework that extends the next-word prediction capabilities of LLMs to billion-scale filtering tasks. FilterLLM first introduces a tailored distribution prediction and cold-start framework. Next, FilterLLM incorporates an efficient user-vocabulary structure to train and store the embeddings of billion-scale users. Finally, we detail the training objectives for both distribution prediction and user-vocabulary construction. The proposed framework has been deployed on the Alibaba platform, where it has been serving cold-start recommendations for two months, processing over one billion cold items. Extensive experiments demonstrate that FilterLLM significantly outperforms state-of-the-art methods in cold-start recommendation tasks, achieving over 30 times higher efficiency. Furthermore, an online A/B test validates its effectiveness in billion-scale recommendation systems.",cs.IR,http://arxiv.org/abs/2502.16924v1,https://arxiv.org/pdf/2502.16924v1,"cat:cs.IR AND all:""cold start recommendation""",data/raw/pdfs/2502.16924.pdf,data/processed/texts/2502.16924.txt,already_exists,extracted,42513,False
2311.01864v1,2311.01864,SortNet: Learning To Rank By a Neural-Based Sorting Algorithm,Leonardo Rigutini; Tiziano Papini; Marco Maggini; Franco Scarselli,2023,2023-11-03T12:14:26Z,2023-11-03T12:14:26Z,"The problem of relevance ranking consists of sorting a set of objects with respect to a given criterion. Since users may prefer different relevance criteria, the ranking algorithms should be adaptable to the user needs. Two main approaches exist in literature for the task of learning to rank: 1) a score function, learned by examples, which evaluates the properties of each object yielding an absolute relevance value that can be used to order the objects or 2) a pairwise approach, where a ""preference function"" is learned using pairs of objects to define which one has to be ranked first. In this paper, we present SortNet, an adaptive ranking algorithm which orders objects using a neural network as a comparator. The neural network training set provides examples of the desired ordering between pairs of items and it is constructed by an iterative procedure which, at each iteration, adds the most informative training examples. Moreover, the comparator adopts a connectionist architecture that is particularly suited for implementing a preference function. We also prove that such an architecture has the universal approximation property and can implement a wide class of functions. Finally, the proposed algorithm is evaluated on the LETOR dataset showing promising performances in comparison with other state of the art algorithms.",cs.LG; cs.AI; cs.CL; cs.IR,http://arxiv.org/abs/2311.01864v1,https://arxiv.org/pdf/2311.01864v1,"cat:cs.IR AND all:""learning to rank""",data/raw/pdfs/2311.01864.pdf,data/processed/texts/2311.01864.txt,already_exists,extracted,32049,False
2506.13743v2,2506.13743,LTRR: Learning To Rank Retrievers for LLMs,To Eun Kim; Fernando Diaz,2025,2025-06-16T17:53:18Z,2026-04-18T06:14:23Z,"Retrieval-Augmented Generation (RAG) systems typically rely on a single fixed retriever, despite growing evidence that no single retriever performs optimally across all query types. In this paper, we explore a query routing approach that dynamically selects from a pool of retrievers based on the query, using both train-free heuristics and learned routing models. We frame routing as a learning-to-rank problem and introduce LTRR, a framework that Learns To Rank Retrievers according to their expected contribution to downstream RAG performance. Through experiments on diverse question-answering benchmarks with controlled variations in query types, we demonstrate that routing-based RAG consistently surpasses the strongest single-retriever baselines. The gains are particularly substantial when training with the Answer Correctness (AC) objective and when using pairwise ranking methods, with XGBoost yielding the best results. Additionally, our approach exhibits stronger generalization to out-of-distribution queries. Overall, our results underscore the critical role of both training strategy and optimization metric choice in effective query routing for RAG systems.",cs.CL; cs.IR,http://arxiv.org/abs/2506.13743v2,https://arxiv.org/pdf/2506.13743v2,"cat:cs.IR AND all:""learning to rank""",data/raw/pdfs/2506.13743.pdf,data/processed/texts/2506.13743.txt,already_exists,extracted,26326,False
2404.03707v2,2404.03707,Investigating the Robustness of Counterfactual Learning to Rank Models: A Reproducibility Study,Zechun Niu; Zhilin Zhang; Jiaxin Mao; Qingyao Ai; Ji-Rong Wen,2024,2024-04-04T10:54:38Z,2025-08-28T13:13:16Z,"Counterfactual learning to rank (CLTR) has attracted extensive attention in the IR community for its ability to leverage massive logged user interaction data to train ranking models. While the CLTR models can be theoretically unbiased when the user behavior assumption is correct and the propensity estimation is accurate, their effectiveness is usually empirically evaluated via simulation-based experiments due to a lack of widely available, large-scale, real click logs. However, many previous simulation-based experiments are somewhat limited because they may have one or more of the following deficiencies: 1) using a weak production ranker to generate initial ranked lists, 2) relying on a simplified user simulation model to simulate user clicks, and 3) generating a fixed number of synthetic click logs. As a result, the robustness of CLTR models in complex and diverse situations is largely unknown and needs further investigation. To address this problem, in this paper, we aim to investigate the robustness of existing CLTR models in a reproducibility study with extensive simulation-based experiments that (1) use production rankers with different ranking performance, (2) leverage multiple user simulation models with different user behavior assumptions, and (3) generate different numbers of synthetic sessions for the training queries. We find that the IPS-DCM, DLA-PBM, and UPE models show better robustness under various simulation settings than other CLTR models. Moreover, existing CLTR models often fail to outperform naive click baselines when the production ranker is strong and the number of training sessions is limited, indicating a pressing need for new CLTR algorithms tailored to these conditions.",cs.LG; cs.AI; cs.IR,http://arxiv.org/abs/2404.03707v2,https://arxiv.org/pdf/2404.03707v2,"cat:cs.IR AND all:""learning to rank""",data/raw/pdfs/2404.03707.pdf,data/processed/texts/2404.03707.txt,already_exists,extracted,50094,False
1906.03766v3,1906.03766,Variance Reduction in Gradient Exploration for Online Learning to Rank,Huazheng Wang; Sonwoo Kim; Eric McCord-Snook; Qingyun Wu; Hongning Wang,2019,2019-06-10T02:12:08Z,2019-11-15T06:29:57Z,"Online Learning to Rank (OL2R) algorithms learn from implicit user feedback on the fly. The key of such algorithms is an unbiased estimation of gradients, which is often (trivially) achieved by uniformly sampling from the entire parameter space. This unfortunately introduces high-variance in gradient estimation, and leads to a worse regret of model estimation, especially when the dimension of parameter space is large. In this paper, we aim at reducing the variance of gradient estimation in OL2R algorithms. We project the selected updating direction into a space spanned by the feature vectors from examined documents under the current query (termed the ""document space"" for short), after interleaved test. Our key insight is that the result of interleaved test solely is governed by a user's relevance evaluation over the examined documents. Hence, the true gradient introduced by this test result should lie in the constructed document space, and components orthogonal to the document space in the proposed gradient can be safely removed for variance reduction. We prove that the projected gradient is an unbiased estimation of the true gradient, and show that this lower-variance gradient estimation results in significant regret reduction. Our proposed method is compatible with all existing OL2R algorithms which rank documents using a linear model. Extensive experimental comparisons with several state-of-the-art OL2R algorithms have confirmed the effectiveness of our proposed method in reducing the variance of gradient estimation and improving overall performance.",cs.IR,http://arxiv.org/abs/1906.03766v3,https://arxiv.org/pdf/1906.03766v3,"cat:cs.IR AND all:""learning to rank""",data/raw/pdfs/1906.03766.pdf,data/processed/texts/1906.03766.txt,downloaded,extracted,53690,False
2012.04426v1,2012.04426,Unifying Online and Counterfactual Learning to Rank,Harrie Oosterhuis; Maarten de Rijke,2020,2020-12-08T13:56:27Z,2020-12-08T13:56:27Z,"Optimizing ranking systems based on user interactions is a well-studied problem. State-of-the-art methods for optimizing ranking systems based on user interactions are divided into online approaches - that learn by directly interacting with users - and counterfactual approaches - that learn from historical interactions. Existing online methods are hindered without online interventions and thus should not be applied counterfactually. Conversely, counterfactual methods cannot directly benefit from online interventions. We propose a novel intervention-aware estimator for both counterfactual and online Learning to Rank (LTR). With the introduction of the intervention-aware estimator, we aim to bridge the online/counterfactual LTR division as it is shown to be highly effective in both online and counterfactual scenarios. The estimator corrects for the effect of position bias, trust bias, and item-selection bias by using corrections based on the behavior of the logging policy and on online interventions: changes to the logging policy made during the gathering of click data. Our experimental results, conducted in a semi-synthetic experimental setup, show that, unlike existing counterfactual LTR methods, the intervention-aware estimator can greatly benefit from online interventions.",cs.IR,http://arxiv.org/abs/2012.04426v1,https://arxiv.org/pdf/2012.04426v1,"cat:cs.IR AND all:""learning to rank""",data/raw/pdfs/2012.04426.pdf,data/processed/texts/2012.04426.txt,already_exists,extracted,47786,False
1802.07400v1,1802.07400,Direct Learning to Rank and Rerank,Cynthia Rudin; Yining Wang,2018,2018-02-21T02:04:40Z,2018-02-21T02:04:40Z,"Learning-to-rank techniques have proven to be extremely useful for prioritization problems, where we rank items in order of their estimated probabilities, and dedicate our limited resources to the top-ranked items. This work exposes a serious problem with the state of learning-to-rank algorithms, which is that they are based on convex proxies that lead to poor approximations. We then discuss the possibility of ""exact"" reranking algorithms based on mathematical programming. We prove that a relaxed version of the ""exact"" problem has the same optimal solution, and provide an empirical analysis.",stat.ML; cs.IR; cs.LG,http://arxiv.org/abs/1802.07400v1,https://arxiv.org/pdf/1802.07400v1,"cat:cs.IR AND all:""learning to rank""",data/raw/pdfs/1802.07400.pdf,data/processed/texts/1802.07400.txt,already_exists,extracted,61557,False
2412.19069v1,2412.19069,Effective and secure federated online learning to rank,Shuyi Wang,2024,2024-12-26T05:53:10Z,2024-12-26T05:53:10Z,"Online Learning to Rank (OLTR) optimises ranking models using implicit user feedback, such as clicks. Unlike traditional Learning to Rank (LTR) methods that rely on a static set of training data with relevance judgements to learn a ranking model, OLTR methods update the model continually as new data arrives. Thus, it addresses several drawbacks such as the high cost of human annotations, potential misalignment between user preferences and human judgments, and the rapid changes in user query intents. However, OLTR methods typically require the collection of searchable data, user queries, and clicks, which poses privacy concerns for users. Federated Online Learning to Rank (FOLTR) integrates OLTR within a Federated Learning (FL) framework to enhance privacy by not sharing raw data. While promising, FOLTR methods currently lag behind traditional centralised OLTR due to challenges in ranking effectiveness, robustness with respect to data distribution across clients, susceptibility to attacks, and the ability to unlearn client interactions and data. This thesis presents a comprehensive study on Federated Online Learning to Rank, addressing its effectiveness, robustness, security, and unlearning capabilities, thereby expanding the landscape of FOLTR.",cs.LG; cs.CR; cs.IR,http://arxiv.org/abs/2412.19069v1,https://arxiv.org/pdf/2412.19069v1,"cat:cs.IR AND all:""learning to rank""",data/raw/pdfs/2412.19069.pdf,data/processed/texts/2412.19069.txt,already_exists,extracted,19767,False
2005.10700v3,2005.10700,Distance-based Positive and Unlabeled Learning for Ranking,Hayden S. Helm; Amitabh Basu; Avanti Athreya; Youngser Park; Joshua T. Vogelstein; Carey E. Priebe; Michael Winding; Marta Zlatic; Albert Cardona; Patrick Bourke; Jonathan Larson; Marah Abdin; Piali Choudhury; Weiwei Yang; Christopher W. White,2020,2020-05-20T01:53:58Z,2022-09-28T16:24:42Z,"Learning to rank -- producing a ranked list of items specific to a query and with respect to a set of supervisory items -- is a problem of general interest. The setting we consider is one in which no analytic description of what constitutes a good ranking is available. Instead, we have a collection of representations and supervisory information consisting of a (target item, interesting items set) pair. We demonstrate analytically, in simulation, and in real data examples that learning to rank via combining representations using an integer linear program is effective when the supervision is as light as ""these few items are similar to your item of interest."" While this nomination task is quite general, for specificity we present our methodology from the perspective of vertex nomination in graphs. The methodology described herein is model agnostic.",cs.LG; cs.IR; stat.ML,http://arxiv.org/abs/2005.10700v3,https://arxiv.org/pdf/2005.10700v3,"cat:cs.IR AND all:""learning to rank""",data/raw/pdfs/2005.10700.pdf,data/processed/texts/2005.10700.txt,already_exists,extracted,41497,False
2103.00368v3,2103.00368,PairRank: Online Pairwise Learning to Rank by Divide-and-Conquer,Yiling Jia; Huazheng Wang; Stephen Guo; Hongning Wang,2021,2021-02-28T01:16:55Z,2021-06-01T22:07:14Z,"Online Learning to Rank (OL2R) eliminates the need of explicit relevance annotation by directly optimizing the rankers from their interactions with users. However, the required exploration drives it away from successful practices in offline learning to rank, which limits OL2R's empirical performance and practical applicability. In this work, we propose to estimate a pairwise learning to rank model online. In each round, candidate documents are partitioned and ranked according to the model's confidence on the estimated pairwise rank order, and exploration is only performed on the uncertain pairs of documents, i.e., \emph{divide-and-conquer}. Regret directly defined on the number of mis-ordered pairs is proven, which connects the online solution's theoretical convergence with its expected ranking performance. Comparisons against an extensive list of OL2R baselines on two public learning to rank benchmark datasets demonstrate the effectiveness of the proposed solution.",cs.LG; cs.IR,http://arxiv.org/abs/2103.00368v3,https://arxiv.org/pdf/2103.00368v3,"cat:cs.IR AND all:""learning to rank""",data/raw/pdfs/2103.00368.pdf,data/processed/texts/2103.00368.txt,already_exists,extracted,50396,False
2004.13574v3,2004.13574,Unbiased Learning to Rank: Online or Offline?,Qingyao Ai; Tao Yang; Huazheng Wang; Jiaxin Mao,2020,2020-04-28T15:01:33Z,2020-12-02T16:55:23Z,"How to obtain an unbiased ranking model by learning to rank with biased user feedback is an important research question for IR. Existing work on unbiased learning to rank (ULTR) can be broadly categorized into two groups -- the studies on unbiased learning algorithms with logged data, namely the \textit{offline} unbiased learning, and the studies on unbiased parameters estimation with real-time user interactions, namely the \textit{online} learning to rank. While their definitions of \textit{unbiasness} are different, these two types of ULTR algorithms share the same goal -- to find the best models that rank documents based on their intrinsic relevance or utility. However, most studies on offline and online unbiased learning to rank are carried in parallel without detailed comparisons on their background theories and empirical performance. In this paper, we formalize the task of unbiased learning to rank and show that existing algorithms for offline unbiased learning and online learning to rank are just the two sides of the same coin. We evaluate six state-of-the-art ULTR algorithms and find that most of them can be used in both offline settings and online environments with or without minor modifications. Further, we analyze how different offline and online learning paradigms would affect the theoretical foundation and empirical effectiveness of each algorithm on both synthetic and real search data. Our findings could provide important insights and guideline for choosing and deploying ULTR algorithms in practice.",cs.IR; cs.LG,http://arxiv.org/abs/2004.13574v3,https://arxiv.org/pdf/2004.13574v3,"cat:cs.IR AND all:""learning to rank""",data/raw/pdfs/2004.13574.pdf,data/processed/texts/2004.13574.txt,already_exists,extracted,90392,False
2306.07528v3,2306.07528,Unified Off-Policy Learning to Rank: a Reinforcement Learning Perspective,Zeyu Zhang; Yi Su; Hui Yuan; Yiran Wu; Rishab Balasubramanian; Qingyun Wu; Huazheng Wang; Mengdi Wang,2023,2023-06-13T03:46:22Z,2023-10-28T06:12:37Z,"Off-policy Learning to Rank (LTR) aims to optimize a ranker from data collected by a deployed logging policy. However, existing off-policy learning to rank methods often make strong assumptions about how users generate the click data, i.e., the click model, and hence need to tailor their methods specifically under different click models. In this paper, we unified the ranking process under general stochastic click models as a Markov Decision Process (MDP), and the optimal ranking could be learned with offline reinforcement learning (RL) directly. Building upon this, we leverage offline RL techniques for off-policy LTR and propose the Click Model-Agnostic Unified Off-policy Learning to Rank (CUOLR) method, which could be easily applied to a wide range of click models. Through a dedicated formulation of the MDP, we show that offline RL algorithms can adapt to various click models without complex debiasing techniques and prior knowledge of the model. Results on various large-scale datasets demonstrate that CUOLR consistently outperforms the state-of-the-art off-policy learning to rank algorithms while maintaining consistency and robustness under different click models.",cs.LG; cs.IR,http://arxiv.org/abs/2306.07528v3,https://arxiv.org/pdf/2306.07528v3,"cat:cs.IR AND all:""learning to rank""",data/raw/pdfs/2306.07528.pdf,data/processed/texts/2306.07528.txt,already_exists,extracted,35545,False
2005.10615v1,2005.10615,Accelerated Convergence for Counterfactual Learning to Rank,Rolf Jagerman; Maarten de Rijke,2020,2020-05-21T12:53:36Z,2020-05-21T12:53:36Z,"Counterfactual Learning to Rank (LTR) algorithms learn a ranking model from logged user interactions, often collected using a production system. Employing such an offline learning approach has many benefits compared to an online one, but it is challenging as user feedback often contains high levels of bias. Unbiased LTR uses Inverse Propensity Scoring (IPS) to enable unbiased learning from logged user interactions. One of the major difficulties in applying Stochastic Gradient Descent (SGD) approaches to counterfactual learning problems is the large variance introduced by the propensity weights. In this paper we show that the convergence rate of SGD approaches with IPS-weighted gradients suffers from the large variance introduced by the IPS weights: convergence is slow, especially when there are large IPS weights. To overcome this limitation, we propose a novel learning algorithm, called CounterSample, that has provably better convergence than standard IPS-weighted gradient descent methods. We prove that CounterSample converges faster and complement our theoretical findings with empirical results by performing extensive experimentation in a number of biased LTR scenarios -- across optimizers, batch sizes, and different degrees of position bias.",cs.LG; cs.IR; stat.ML,http://arxiv.org/abs/2005.10615v1,https://arxiv.org/pdf/2005.10615v1,"cat:cs.IR AND all:""learning to rank""",data/raw/pdfs/2005.10615.pdf,data/processed/texts/2005.10615.txt,already_exists,extracted,47218,False
1711.04015v1,1711.04015,WMRB: Learning to Rank in a Scalable Batch Training Approach,Kuan Liu; Prem Natarajan,2017,2017-11-10T21:18:21Z,2017-11-10T21:18:21Z,"We propose a new learning to rank algorithm, named Weighted Margin-Rank Batch loss (WMRB), to extend the popular Weighted Approximate-Rank Pairwise loss (WARP). WMRB uses a new rank estimator and an efficient batch training algorithm. The approach allows more accurate item rank approximation and explicit utilization of parallel computation to accelerate training. In three item recommendation tasks, WMRB consistently outperforms WARP and other baselines. Moreover, WMRB shows clear time efficiency advantages as data scale increases.",stat.ML; cs.IR; cs.LG,http://arxiv.org/abs/1711.04015v1,https://arxiv.org/pdf/1711.04015v1,"cat:cs.IR AND all:""learning to rank""",data/raw/pdfs/1711.04015.pdf,data/processed/texts/1711.04015.txt,already_exists,extracted,9147,False
2102.05996v2,2102.05996,Fairness Through Regularization for Learning to Rank,Nikola Konstantinov; Christoph H. Lampert,2021,2021-02-11T13:29:08Z,2021-06-07T20:22:03Z,"Given the abundance of applications of ranking in recent years, addressing fairness concerns around automated ranking systems becomes necessary for increasing the trust among end-users. Previous work on fair ranking has mostly focused on application-specific fairness notions, often tailored to online advertising, and it rarely considers learning as part of the process. In this work, we show how to transfer numerous fairness notions from binary classification to a learning to rank setting. Our formalism allows us to design methods for incorporating fairness objectives with provable generalization guarantees. An extensive experimental evaluation shows that our method can improve ranking fairness substantially with no or only little loss of model quality.",cs.LG; cs.IR; stat.ML,http://arxiv.org/abs/2102.05996v2,https://arxiv.org/pdf/2102.05996v2,"cat:cs.IR AND all:""learning to rank""",data/raw/pdfs/2102.05996.pdf,data/processed/texts/2102.05996.txt,already_exists,extracted,39891,False
2005.03932v1,2005.03932,Modeling Document Interactions for Learning to Rank with Regularized Self-Attention,Shuo Sun; Kevin Duh,2020,2020-05-08T09:53:31Z,2020-05-08T09:53:31Z,"Learning to rank is an important task that has been successfully deployed in many real-world information retrieval systems. Most existing methods compute relevance judgments of documents independently, without holistically considering the entire set of competing documents. In this paper, we explore modeling documents interactions with self-attention based neural networks. Although self-attention networks have achieved state-of-the-art results in many NLP tasks, we find empirically that self-attention provides little benefit over baseline neural learning to rank architecture. To improve the learning of self-attention weights, We propose simple yet effective regularization terms designed to model interactions between documents. Evaluations on publicly available Learning to Rank (LETOR) datasets show that training self-attention network with our proposed regularization terms can significantly outperform existing learning to rank methods.",cs.IR; cs.LG,http://arxiv.org/abs/2005.03932v1,https://arxiv.org/pdf/2005.03932v1,"cat:cs.IR AND all:""learning to rank""",data/raw/pdfs/2005.03932.pdf,data/processed/texts/2005.03932.txt,already_exists,extracted,24393,False
2108.05073v1,2108.05073,ULTRA: An Unbiased Learning To Rank Algorithm Toolbox,Anh Tran; Tao Yang; Qingyao Ai,2021,2021-08-11T07:26:59Z,2021-08-11T07:26:59Z,"Learning to rank systems has become an important aspect of our daily life. However, the implicit user feedback that is used to train many learning to rank models is usually noisy and suffered from user bias (i.e., position bias). Thus, obtaining an unbiased model using biased feedback has become an important research field for IR. Existing studies on unbiased learning to rank (ULTR) can be generalized into two families-algorithms that attain unbiasedness with logged data, offline learning, and algorithms that achieve unbiasedness by estimating unbiased parameters with real-time user interactions, namely online learning. While there exist many algorithms from both families, there lacks a unified way to compare and benchmark them. As a result, it can be challenging for researchers to choose the right technique for their problems or for people who are new to the field to learn and understand existing algorithms. To solve this problem, we introduced ULTRA, which is a flexible, extensible, and easily configure ULTR toolbox. Its key features include support for multiple ULTR algorithms with configurable hyperparameters, a variety of built-in click models that can be used separately to simulate clicks, different ranking model architecture and evaluation metrics, and simple learning to rank pipeline creation. In this paper, we discuss the general framework of ULTR, briefly describe the algorithms in ULTRA, detailed the structure, and pipeline of the toolbox. We experimented on all the algorithms supported by ultra and showed that the toolbox performance is reasonable. Our toolbox is an important resource for researchers to conduct experiments on ULTR algorithms with different configurations as well as testing their own algorithms with the supported features.",cs.IR; cs.LG,http://arxiv.org/abs/2108.05073v1,https://arxiv.org/pdf/2108.05073v1,"cat:cs.IR AND all:""learning to rank""",data/raw/pdfs/2108.05073.pdf,data/processed/texts/2108.05073.txt,already_exists,extracted,46455,False
2409.13703v1,2409.13703,Zeroshot Listwise Learning to Rank Algorithm for Recommendation,Hao Wang,2024,2024-09-05T09:16:14Z,2024-09-05T09:16:14Z,"Learning to rank is a rare technology compared with other techniques such as deep neural networks. The number of experts in the field is roughly 1/6 of the number of professionals in deep learning. Being an effective ranking methodology, learning to rank has been widely used in the field of information retrieval. However, in recent years, learning to rank as a recommendation approach has been on decline. In this paper, we take full advantage of order statistic approximation and power law distribution to design a zeroshot listwise learning to rank algorithm for recommendation. We prove in the experiment section that our approach is both accurate and fair.",cs.IR,http://arxiv.org/abs/2409.13703v1,https://arxiv.org/pdf/2409.13703v1,"cat:cs.IR AND all:""learning to rank""",data/raw/pdfs/2409.13703.pdf,data/processed/texts/2409.13703.txt,already_exists,extracted,9284,False
2409.19548v1,2409.19548,Meta Learning to Rank for Sparsely Supervised Queries,Xuyang Wu; Ajit Puthenputhussery; Hongwei Shang; Changsung Kang; Yi Fang,2024,2024-09-29T04:24:38Z,2024-09-29T04:24:38Z,"Supervisory signals are a critical resource for training learning to rank models. In many real-world search and retrieval scenarios, these signals may not be readily available or could be costly to obtain for some queries. The examples include domains where labeling requires professional expertise, applications with strong privacy constraints, and user engagement information that are too scarce. We refer to these scenarios as sparsely supervised queries which pose significant challenges to traditional learning to rank models. In this work, we address sparsely supervised queries by proposing a novel meta learning to rank framework which leverages fast learning and adaption capability of meta-learning. The proposed approach accounts for the fact that different queries have different optimal parameters for their rankers, in contrast to traditional learning to rank models which only learn a global ranking model applied to all the queries. In consequence, the proposed method would yield significant advantages especially when new queries are of different characteristics with the training queries. Moreover, the proposed meta learning to rank framework is generic and flexible. We conduct a set of comprehensive experiments on both public datasets and a real-world e-commerce dataset. The results demonstrate that the proposed meta-learning approach can significantly enhance the performance of learning to rank models with sparsely labeled queries.",cs.IR,http://arxiv.org/abs/2409.19548v1,https://arxiv.org/pdf/2409.19548v1,"cat:cs.IR AND all:""learning to rank""",data/raw/pdfs/2409.19548.pdf,data/processed/texts/2409.19548.txt,already_exists,extracted,84378,False
2002.07651v1,2002.07651,Listwise Learning to Rank with Deep Q-Networks,Abhishek Sharma,2020,2020-02-13T22:45:56Z,2020-02-13T22:45:56Z,"Learning to Rank is the problem involved with ranking a sequence of documents based on their relevance to a given query. Deep Q-Learning has been shown to be a useful method for training an agent in sequential decision making. In this paper, we show that DeepQRank, our deep q-learning to rank agent, demonstrates performance that can be considered state-of-the-art. Though less computationally efficient than a supervised learning approach such as linear regression, our agent has fewer limitations in terms of which format of data it can use for training and evaluation. We run our algorithm against Microsoft's LETOR listwise dataset and achieve an NDCG@1 (ranking accuracy in the range [0,1]) of 0.5075, narrowly beating out the leading supervised learning model, SVMRank (0.4958).",cs.LG; cs.IR,http://arxiv.org/abs/2002.07651v1,https://arxiv.org/pdf/2002.07651v1,"cat:cs.IR AND all:""learning to rank""",data/raw/pdfs/2002.07651.pdf,data/processed/texts/2002.07651.txt,already_exists,extracted,19981,False
2306.08650v2,2306.08650,Learning to Rank when Grades Matter,Le Yan; Zhen Qin; Gil Shamir; Dong Lin; Xuanhui Wang; Mike Bendersky,2023,2023-06-14T17:30:02Z,2023-06-20T16:47:08Z,"Graded labels are ubiquitous in real-world learning-to-rank applications, especially in human rated relevance data. Traditional learning-to-rank techniques aim to optimize the ranked order of documents. They typically, however, ignore predicting actual grades. This prevents them from being adopted in applications where grades matter, such as filtering out ``poor'' documents. Achieving both good ranking performance and good grade prediction performance is still an under-explored problem. Existing research either focuses only on ranking performance by not calibrating model outputs, or treats grades as numerical values, assuming labels are on a linear scale and failing to leverage the ordinal grade information. In this paper, we conduct a rigorous study of learning to rank with grades, where both ranking performance and grade prediction performance are important. We provide a formal discussion on how to perform ranking with non-scalar predictions for grades, and propose a multiobjective formulation to jointly optimize both ranking and grade predictions. In experiments, we verify on several public datasets that our methods are able to push the Pareto frontier of the tradeoff between ranking and grade prediction performance, showing the benefit of leveraging ordinal grade information.",cs.IR; cs.LG,http://arxiv.org/abs/2306.08650v2,https://arxiv.org/pdf/2306.08650v2,"cat:cs.IR AND all:""learning to rank""",data/raw/pdfs/2306.08650.pdf,data/processed/texts/2306.08650.txt,already_exists,extracted,21253,False
1905.12480v1,1905.12480,NRPA: Neural Recommendation with Personalized Attention,Hongtao Liu; Fangzhao Wu; Wenjun Wang; Xianchen Wang; Pengfei Jiao; Chuhan Wu; Xing Xie,2019,2019-05-29T14:16:17Z,2019-05-29T14:16:17Z,"Existing review-based recommendation methods usually use the same model to learn the representations of all users/items from reviews posted by users towards items. However, different users have different preference and different items have different characteristics. Thus, the same word or similar reviews may have different informativeness for different users and items. In this paper we propose a neural recommendation approach with personalized attention to learn personalized representations of users and items from reviews. We use a review encoder to learn representations of reviews from words, and a user/item encoder to learn representations of users or items from reviews. We propose a personalized attention model, and apply it to both review and user/item encoders to select different important words and reviews for different users/items. Experiments on five datasets validate our approach can effectively improve the performance of neural recommendation.",cs.IR; cs.CL; cs.LG,http://arxiv.org/abs/1905.12480v1,https://arxiv.org/pdf/1905.12480v1,"cat:cs.IR AND all:""neural recommendation""",data/raw/pdfs/1905.12480.pdf,data/processed/texts/1905.12480.txt,already_exists,extracted,18808,False
2106.04993v2,2106.04993,Initialization Matters: Regularizing Manifold-informed Initialization for Neural Recommendation Systems,Yinan Zhang; Boyang Li; Yong Liu; Hao Wang; Chunyan Miao,2021,2021-06-09T11:26:18Z,2021-08-12T12:45:40Z,"Proper initialization is crucial to the optimization and the generalization of neural networks. However, most existing neural recommendation systems initialize the user and item embeddings randomly. In this work, we propose a new initialization scheme for user and item embeddings called Laplacian Eigenmaps with Popularity-based Regularization for Isolated Data (LEPORID). LEPORID endows the embeddings with information regarding multi-scale neighborhood structures on the data manifold and performs adaptive regularization to compensate for high embedding variance on the tail of the data distribution. Exploiting matrix sparsity, LEPORID embeddings can be computed efficiently. We evaluate LEPORID in a wide range of neural recommendation models. In contrast to the recent surprising finding that the simple K-nearest-neighbor (KNN) method often outperforms neural recommendation systems, we show that existing neural systems initialized with LEPORID often perform on par or better than KNN. To maximize the effects of the initialization, we propose the Dual-Loss Residual Recommendation (DLR2) network, which, when initialized with LEPORID, substantially outperforms both traditional and state-of-the-art neural recommender systems.",cs.IR; cs.LG,http://arxiv.org/abs/2106.04993v2,https://arxiv.org/pdf/2106.04993v2,"cat:cs.IR AND all:""neural recommendation""",data/raw/pdfs/2106.04993.pdf,data/processed/texts/2106.04993.txt,already_exists,extracted,41157,False
1812.02646v1,1812.02646,RepeatNet: A Repeat Aware Neural Recommendation Machine for Session-based Recommendation,Pengjie Ren; Zhumin Chen; Jing Li; Zhaochun Ren; Jun Ma; Maarten de Rijke,2018,2018-12-06T16:30:33Z,2018-12-06T16:30:33Z,"Recurrent neural networks for session-based recommendation have attracted a lot of attention recently because of their promising performance. repeat consumption is a common phenomenon in many recommendation scenarios (e.g., e-commerce, music, and TV program recommendations), where the same item is re-consumed repeatedly over time. However, no previous studies have emphasized repeat consumption with neural networks. An effective neural approach is needed to decide when to perform repeat recommendation. In this paper, we incorporate a repeat-explore mechanism into neural networks and propose a new model, called RepeatNet, with an encoder-decoder structure. RepeatNet integrates a regular neural recommendation approach in the decoder with a new repeat recommendation mechanism that can choose items from a user's history and recommends them at the right time. We report on extensive experiments on three benchmark datasets. RepeatNet outperforms state-of-the-art baselines on all three datasets in terms of MRR and Recall. Furthermore, as the dataset size and the repeat ratio increase, the improvements of RepeatNet over the baselines also increase, which demonstrates its advantage in handling repeat recommendation scenarios.",cs.IR,http://arxiv.org/abs/1812.02646v1,https://arxiv.org/pdf/1812.02646v1,"cat:cs.IR AND all:""neural recommendation""",data/raw/pdfs/1812.02646.pdf,data/processed/texts/1812.02646.txt,already_exists,extracted,33328,False
2505.12396v4,2505.12396,LLM-CoT Enhanced Graph Neural Recommendation with Harmonized Group Policy Optimization,Hailong Luo; Bin Wu; Hongyong Jia; Qingqing Zhu; Lianlei Shan,2025,2025-05-18T12:50:36Z,2025-11-21T11:54:35Z,"Graph neural networks (GNNs) have advanced recommender systems by modeling interaction relationships. However, existing graph-based recommenders rely on sparse ID features and do not fully exploit textual information, resulting in low information density within representations. Furthermore, graph contrastive learning faces challenges. Random negative sampling can introduce false negative samples, while fixed temperature coefficients cannot adapt to the heterogeneity of different nodes. In addition, current efforts to enhance recommendations with large language models (LLMs) have not fully utilized their Chain-of-Thought (CoT) reasoning capabilities to guide representation learning. To address these limitations, we introduces LGHRec (LLM-CoT Enhanced Graph Neural Recommendation with Harmonized Group Policy Optimization). This framework leverages the CoT reasoning ability of LLMs to generate semantic IDs, enriching reasoning processes and improving information density and semantic quality of representations. Moreover, we design a reinforcement learning algorithm, Harmonized Group Policy Optimization (HGPO), to optimize negative sampling strategies and temperature coefficients in contrastive learning. This approach enhances long-tail recommendation performance and ensures optimization consistency across different groups. Experimental results on three datasets demonstrate that LGHRec improves representation quality through semantic IDs generated by LLM's CoT reasoning and effectively boosts contrastive learning with HGPO. Our method outperforms several baseline models. The code is available at: https://anonymous.4open.science/r/LLM-Rec.",cs.IR,http://arxiv.org/abs/2505.12396v4,https://arxiv.org/pdf/2505.12396v4,"cat:cs.IR AND all:""neural recommendation""",data/raw/pdfs/2505.12396.pdf,data/processed/texts/2505.12396.txt,already_exists,extracted,34204,False
2105.05008v1,2105.05008,Counterfactual Explanations for Neural Recommenders,Khanh Hiep Tran; Azin Ghazimatin; Rishiraj Saha Roy,2021,2021-05-11T13:16:18Z,2021-05-11T13:16:18Z,"Understanding why specific items are recommended to users can significantly increase their trust and satisfaction in the system. While neural recommenders have become the state-of-the-art in recent years, the complexity of deep models still makes the generation of tangible explanations for end users a challenging problem. Existing methods are usually based on attention distributions over a variety of features, which are still questionable regarding their suitability as explanations, and rather unwieldy to grasp for an end user. Counterfactual explanations based on a small set of the user's own actions have been shown to be an acceptable solution to the tangibility problem. However, current work on such counterfactuals cannot be readily applied to neural models. In this work, we propose ACCENT, the first general framework for finding counterfactual explanations for neural recommenders. It extends recently-proposed influence functions for identifying training points most relevant to a recommendation, from a single to a pair of items, while deducing a counterfactual set in an iterative process. We use ACCENT to generate counterfactual explanations for two popular neural models, Neural Collaborative Filtering (NCF) and Relational Collaborative Filtering (RCF), and demonstrate its feasibility on a sample of the popular MovieLens 100K dataset.",cs.IR; cs.LG,http://arxiv.org/abs/2105.05008v1,https://arxiv.org/pdf/2105.05008v1,"cat:cs.IR AND all:""neural recommendation""",data/raw/pdfs/2105.05008.pdf,data/processed/texts/2105.05008.txt,already_exists,extracted,22745,False
2509.07319v1,2509.07319,MEGG: Replay via Maximally Extreme GGscore in Incremental Learning for Neural Recommendation Models,Yunxiao Shi; Shuo Yang; Haimin Zhang; Li Wang; Yongze Wang; Qiang Wu; Min Xu,2025,2025-09-09T01:35:51Z,2025-09-09T01:35:51Z,"Neural Collaborative Filtering models are widely used in recommender systems but are typically trained under static settings, assuming fixed data distributions. This limits their applicability in dynamic environments where user preferences evolve. Incremental learning offers a promising solution, yet conventional methods from computer vision or NLP face challenges in recommendation tasks due to data sparsity and distinct task paradigms. Existing approaches for neural recommenders remain limited and often lack generalizability. To address this, we propose MEGG, Replay Samples with Maximally Extreme GGscore, an experience replay based incremental learning framework. MEGG introduces GGscore, a novel metric that quantifies sample influence, enabling the selective replay of highly influential samples to mitigate catastrophic forgetting. Being model-agnostic, MEGG integrates seamlessly across architectures and frameworks. Experiments on three neural models and four benchmark datasets show superior performance over state-of-the-art baselines, with strong scalability, efficiency, and robustness. Implementation will be released publicly upon acceptance.",cs.IR; cs.AI,http://arxiv.org/abs/2509.07319v1,https://arxiv.org/pdf/2509.07319v1,"cat:cs.IR AND all:""neural recommendation""",data/raw/pdfs/2509.07319.pdf,data/processed/texts/2509.07319.txt,already_exists,extracted,51335,False
2104.13030v3,2104.13030,A Survey on Accuracy-oriented Neural Recommendation: From Collaborative Filtering to Information-rich Recommendation,Le Wu; Xiangnan He; Xiang Wang; Kun Zhang; Meng Wang,2021,2021-04-27T08:03:52Z,2021-12-27T02:15:40Z,"Influenced by the great success of deep learning in computer vision and language understanding, research in recommendation has shifted to inventing new recommender models based on neural networks. In recent years, we have witnessed significant progress in developing neural recommender models, which generalize and surpass traditional recommender models owing to the strong representation power of neural networks. In this survey paper, we conduct a systematic review on neural recommender models from the perspective of recommendation modeling with the accuracy goal, aiming to summarize this field to facilitate researchers and practitioners working on recommender systems. Specifically, based on the data usage during recommendation modeling, we divide the work into collaborative filtering and information-rich recommendation: 1) collaborative filtering, which leverages the key source of user-item interaction data; 2) content enriched recommendation, which additionally utilizes the side information associated with users and items, like user profile and item knowledge graph; and 3) temporal/sequential recommendation, which accounts for the contextual information associated with an interaction, such as time, location, and the past interactions. After reviewing representative work for each type, we finally discuss some promising directions in this field.",cs.IR; cs.LG,http://arxiv.org/abs/2104.13030v3,https://arxiv.org/pdf/2104.13030v3,"cat:cs.IR AND all:""neural recommendation""",data/raw/pdfs/2104.13030.pdf,data/processed/texts/2104.13030.txt,already_exists,extracted,85143,False
2303.02851v1,2303.02851,A Survey on Incremental Update for Neural Recommender Systems,Peiyan Zhang; Sunghun Kim,2023,2023-03-06T03:10:38Z,2023-03-06T03:10:38Z,"Recommender Systems (RS) aim to provide personalized suggestions of items for users against consumer over-choice. Although extensive research has been conducted to address different aspects and challenges of RS, there still exists a gap between academic research and industrial applications. Specifically, most of the existing models still work in an offline manner, in which the recommender is trained on a large static training set and evaluated on a very restrictive testing set in a one-time process. RS will stay unchanged until the next batch retrain is performed. We frame such RS as Batch Update Recommender Systems (BURS). In reality, they have to face the challenges where RS are expected to be instantly updated with new data streaming in, and generate updated recommendations for current user activities based on the newly arrived data. We frame such RS as Incremental Update Recommender Systems (IURS). In this article, we offer a systematic survey of incremental update for neural recommender systems. We begin the survey by introducing key concepts and formulating the task of IURS. We then illustrate the challenges in IURS compared with traditional BURS. Afterwards, we detail the introduction of existing literature and evaluation issues. We conclude the survey by outlining some prominent open research issues in this area.",cs.IR,http://arxiv.org/abs/2303.02851v1,https://arxiv.org/pdf/2303.02851v1,"cat:cs.IR AND all:""neural recommendation""",data/raw/pdfs/2303.02851.pdf,data/processed/texts/2303.02851.txt,already_exists,extracted,48216,False
1907.06902v3,1907.06902,Are We Really Making Much Progress? A Worrying Analysis of Recent Neural Recommendation Approaches,Maurizio Ferrari Dacrema; Paolo Cremonesi; Dietmar Jannach,2019,2019-07-16T09:11:07Z,2019-08-16T18:20:03Z,"Deep learning techniques have become the method of choice for researchers working on algorithmic aspects of recommender systems. With the strongly increased interest in machine learning in general, it has, as a result, become difficult to keep track of what represents the state-of-the-art at the moment, e.g., for top-n recommendation tasks. At the same time, several recent publications point out problems in today's research practice in applied machine learning, e.g., in terms of the reproducibility of the results or the choice of the baselines when proposing new models. In this work, we report the results of a systematic analysis of algorithmic proposals for top-n recommendation tasks. Specifically, we considered 18 algorithms that were presented at top-level research conferences in the last years. Only 7 of them could be reproduced with reasonable effort. For these methods, it however turned out that 6 of them can often be outperformed with comparably simple heuristic methods, e.g., based on nearest-neighbor or graph-based techniques. The remaining one clearly outperformed the baselines but did not consistently outperform a well-tuned non-neural linear ranking method. Overall, our work sheds light on a number of potential problems in today's machine learning scholarship and calls for improved scientific practices in this area. Source code of our experiments and full results are available at: https://github.com/MaurizioFD/RecSys2019_DeepLearning_Evaluation.",cs.IR; cs.LG; cs.NE,http://arxiv.org/abs/1907.06902v3,https://arxiv.org/pdf/1907.06902v3,"cat:cs.IR AND all:""neural recommendation""",data/raw/pdfs/1907.06902.pdf,data/processed/texts/1907.06902.txt,already_exists,extracted,48129,False
2205.09489v2,2205.09489,Spatial Autoregressive Coding for Graph Neural Recommendation,Jiayi Zheng; Ling Yang; Heyuan Wang; Cheng Yang; Yinghong Li; Xiaowei Hu; Shenda Hong,2022,2022-05-19T12:00:01Z,2022-08-03T01:55:37Z,"Graph embedding methods including traditional shallow models and deep Graph Neural Networks (GNNs) have led to promising applications in recommendation. Nevertheless, shallow models especially random-walk-based algorithms fail to adequately exploit neighbor proximity in sampled subgraphs or sequences due to their optimization paradigm. GNN-based algorithms suffer from the insufficient utilization of high-order information and easily cause over-smoothing problems when stacking too much layers, which may deteriorate the recommendations of low-degree (long-tail) items, limiting the expressiveness and scalability. In this paper, we propose a novel framework SAC, namely Spatial Autoregressive Coding, to solve the above problems in a unified way. To adequately leverage neighbor proximity and high-order information, we design a novel spatial autoregressive paradigm. Specifically, we first randomly mask multi-hop neighbors and embed the target node by integrating all other surrounding neighbors with an explicit multi-hop attention. Then we reinforce the model to learn a neighbor-predictive coding for the target node by contrasting the coding and the masked neighbors' embedding, equipped with a new hard negative sampling strategy. To learn the minimal sufficient representation for the target-to-neighbor prediction task and remove the redundancy of neighbors, we devise Neighbor Information Bottleneck by maximizing the mutual information between target predictive coding and the masked neighbors' embedding, and simultaneously constraining those between the coding and surrounding neighbors' embedding. Experimental results on both public recommendation datasets and a real scenario web-scale dataset Douyin-Friend-Recommendation demonstrate the superiority of SAC compared with state-of-the-art methods.",cs.IR; cs.AI; cs.LG,http://arxiv.org/abs/2205.09489v2,https://arxiv.org/pdf/2205.09489v2,"cat:cs.IR AND all:""neural recommendation""",data/raw/pdfs/2205.09489.pdf,data/processed/texts/2205.09489.txt,already_exists,extracted,52352,False
1904.06690v2,1904.06690,BERT4Rec: Sequential Recommendation with Bidirectional Encoder Representations from Transformer,Fei Sun; Jun Liu; Jian Wu; Changhua Pei; Xiao Lin; Wenwu Ou; Peng Jiang,2019,2019-04-14T13:01:46Z,2019-08-21T07:36:44Z,"Modeling users' dynamic and evolving preferences from their historical behaviors is challenging and crucial for recommendation systems. Previous methods employ sequential neural networks (e.g., Recurrent Neural Network) to encode users' historical interactions from left to right into hidden representations for making recommendations. Although these methods achieve satisfactory results, they often assume a rigidly ordered sequence which is not always practical. We argue that such left-to-right unidirectional architectures restrict the power of the historical sequence representations. For this purpose, we introduce a Bidirectional Encoder Representations from Transformers for sequential Recommendation (BERT4Rec). However, jointly conditioning on both left and right context in deep bidirectional model would make the training become trivial since each item can indirectly ""see the target item"". To address this problem, we train the bidirectional model using the Cloze task, predicting the masked items in the sequence by jointly conditioning on their left and right context. Comparing with predicting the next item at each position in a sequence, the Cloze task can produce more samples to train a more powerful bidirectional model. Extensive experiments on four benchmark datasets show that our model outperforms various state-of-the-art sequential models consistently.",cs.IR; cs.LG,http://arxiv.org/abs/1904.06690v2,https://arxiv.org/pdf/1904.06690v2,anchor:id_list,data/raw/pdfs/1904.06690.pdf,data/processed/texts/1904.06690.txt,downloaded,extracted,51072,True
1808.09781v1,1808.09781,Self-Attentive Sequential Recommendation,Wang-Cheng Kang; Julian McAuley,2018,2018-08-20T04:28:05Z,2018-08-20T04:28:05Z,"Sequential dynamics are a key feature of many modern recommender systems, which seek to capture the `context' of users' activities on the basis of actions they have performed recently. To capture such patterns, two approaches have proliferated: Markov Chains (MCs) and Recurrent Neural Networks (RNNs). Markov Chains assume that a user's next action can be predicted on the basis of just their last (or last few) actions, while RNNs in principle allow for longer-term semantics to be uncovered. Generally speaking, MC-based methods perform best in extremely sparse datasets, where model parsimony is critical, while RNNs perform better in denser datasets where higher model complexity is affordable. The goal of our work is to balance these two goals, by proposing a self-attention based sequential model (SASRec) that allows us to capture long-term semantics (like an RNN), but, using an attention mechanism, makes its predictions based on relatively few actions (like an MC). At each time step, SASRec seeks to identify which items are `relevant' from a user's action history, and use them to predict the next item. Extensive empirical studies show that our method outperforms various state-of-the-art sequential models (including MC/CNN/RNN-based approaches) on both sparse and dense datasets. Moreover, the model is an order of magnitude more efficient than comparable CNN/RNN-based models. Visualizations on attention weights also show how our model adaptively handles datasets with various density, and uncovers meaningful patterns in activity sequences.",cs.IR; cs.LG,http://arxiv.org/abs/1808.09781v1,https://arxiv.org/pdf/1808.09781v1,anchor:id_list,data/raw/pdfs/1808.09781.pdf,data/processed/texts/1808.09781.txt,downloaded,extracted,48166,True
1606.07792v1,1606.07792,Wide & Deep Learning for Recommender Systems,Heng-Tze Cheng; Levent Koc; Jeremiah Harmsen; Tal Shaked; Tushar Chandra; Hrishi Aradhye; Glen Anderson; Greg Corrado; Wei Chai; Mustafa Ispir; Rohan Anil; Zakaria Haque; Lichan Hong; Vihan Jain; Xiaobing Liu; Hemal Shah,2016,2016-06-24T19:07:02Z,2016-06-24T19:07:02Z,"Generalized linear models with nonlinear feature transformations are widely used for large-scale regression and classification problems with sparse inputs. Memorization of feature interactions through a wide set of cross-product feature transformations are effective and interpretable, while generalization requires more feature engineering effort. With less feature engineering, deep neural networks can generalize better to unseen feature combinations through low-dimensional dense embeddings learned for the sparse features. However, deep neural networks with embeddings can over-generalize and recommend less relevant items when the user-item interactions are sparse and high-rank. In this paper, we present Wide & Deep learning---jointly trained wide linear models and deep neural networks---to combine the benefits of memorization and generalization for recommender systems. We productionized and evaluated the system on Google Play, a commercial mobile app store with over one billion active users and over one million apps. Online experiment results show that Wide & Deep significantly increased app acquisitions compared with wide-only and deep-only models. We have also open-sourced our implementation in TensorFlow.",cs.LG; cs.IR; stat.ML,http://arxiv.org/abs/1606.07792v1,https://arxiv.org/pdf/1606.07792v1,anchor:id_list,data/raw/pdfs/1606.07792.pdf,data/processed/texts/1606.07792.txt,downloaded,extracted,20266,True
